-- phpMyAdmin SQL Dump
-- version 3.5.2.2
-- http://www.phpmyadmin.net
--
-- Inang: 127.0.0.1
-- Waktu pembuatan: 29 Sep 2013 pada 11.21
-- Versi Server: 5.5.27
-- Versi PHP: 5.4.7

SET SQL_MODE="NO_AUTO_VALUE_ON_ZERO";
SET time_zone = "+00:00";


/*!40101 SET @OLD_CHARACTER_SET_CLIENT=@@CHARACTER_SET_CLIENT */;
/*!40101 SET @OLD_CHARACTER_SET_RESULTS=@@CHARACTER_SET_RESULTS */;
/*!40101 SET @OLD_COLLATION_CONNECTION=@@COLLATION_CONNECTION */;
/*!40101 SET NAMES utf8 */;

--
-- Basis data: `tugas_akhir`
--

-- --------------------------------------------------------

--
-- Struktur dari tabel `ahp`
--

CREATE TABLE IF NOT EXISTS `ahp` (
  `id` int(4) NOT NULL AUTO_INCREMENT,
  `id_data_keu` int(5) NOT NULL,
  `tipe_prioritas` int(1) NOT NULL,
  `id_pengeluaran` int(2) NOT NULL,
  `prioritas` float NOT NULL,
  `persentase` int(3) NOT NULL,
  `pengeluaran` float NOT NULL,
  `persentase2` int(3) NOT NULL,
  `pengeluaran2` float NOT NULL,
  PRIMARY KEY (`id`)
) ENGINE=InnoDB  DEFAULT CHARSET=latin1 AUTO_INCREMENT=2809 ;

--
-- Dumping data untuk tabel `ahp`
--

INSERT INTO `ahp` (`id`, `id_data_keu`, `tipe_prioritas`, `id_pengeluaran`, `prioritas`, `persentase`, `pengeluaran`, `persentase2`, `pengeluaran2`) VALUES
(1, 12012, 1, 29, 0, 0, 0, 0, 0),
(2, 12012, 1, 30, 0, 0, 0, 0, 0),
(3, 12012, 1, 31, 0, 0, 0, 0, 0),
(4, 12012, 1, 32, 0, 0, 0, 0, 0),
(5, 12013, 1, 29, 0.116959, 12, 1169590, 12, 1200000),
(6, 12013, 1, 30, 0.795322, 80, 7953220, 80, 8000000),
(7, 12013, 1, 31, 0.0584795, 6, 584795, 6, 600000),
(8, 12013, 1, 32, 0.0292398, 3, 292398, 3, 300000),
(9, 12014, 1, 29, 0, 0, 0, 0, 0),
(10, 12014, 1, 30, 0, 0, 0, 0, 0),
(11, 12014, 1, 31, 0, 0, 0, 0, 0),
(12, 12014, 1, 32, 0, 0, 0, 0, 0),
(13, 12015, 1, 29, 0, 0, 0, 0, 0),
(14, 12015, 1, 30, 0, 0, 0, 0, 0),
(15, 12015, 1, 31, 0, 0, 0, 0, 0),
(16, 12015, 1, 32, 0, 0, 0, 0, 0),
(17, 12016, 1, 29, 0, 0, 0, 0, 0),
(18, 12016, 1, 30, 0, 0, 0, 0, 0),
(19, 12016, 1, 31, 0, 0, 0, 0, 0),
(20, 12016, 1, 32, 0, 0, 0, 0, 0),
(21, 12017, 1, 29, 0, 0, 0, 0, 0),
(22, 12017, 1, 30, 0, 0, 0, 0, 0),
(23, 12017, 1, 31, 0, 0, 0, 0, 0),
(24, 12017, 1, 32, 0, 0, 0, 0, 0),
(25, 22012, 1, 29, 0, 0, 0, 0, 0),
(26, 22012, 1, 30, 0, 0, 0, 0, 0),
(27, 22012, 1, 31, 0, 0, 0, 0, 0),
(28, 22012, 1, 32, 0, 0, 0, 0, 0),
(29, 22013, 1, 29, 0, 0, 0, 0, 0),
(30, 22013, 1, 30, 0, 0, 0, 0, 0),
(31, 22013, 1, 31, 0, 0, 0, 0, 0),
(32, 22013, 1, 32, 0, 0, 0, 0, 0),
(33, 22014, 1, 29, 0, 0, 0, 0, 0),
(34, 22014, 1, 30, 0, 0, 0, 0, 0),
(35, 22014, 1, 31, 0, 0, 0, 0, 0),
(36, 22014, 1, 32, 0, 0, 0, 0, 0),
(37, 22015, 1, 29, 0, 0, 0, 0, 0),
(38, 22015, 1, 30, 0, 0, 0, 0, 0),
(39, 22015, 1, 31, 0, 0, 0, 0, 0),
(40, 22015, 1, 32, 0, 0, 0, 0, 0),
(41, 22016, 1, 29, 0, 0, 0, 0, 0),
(42, 22016, 1, 30, 0, 0, 0, 0, 0),
(43, 22016, 1, 31, 0, 0, 0, 0, 0),
(44, 22016, 1, 32, 0, 0, 0, 0, 0),
(45, 22017, 1, 29, 0, 0, 0, 0, 0),
(46, 22017, 1, 30, 0, 0, 0, 0, 0),
(47, 22017, 1, 31, 0, 0, 0, 0, 0),
(48, 22017, 1, 32, 0, 0, 0, 0, 0),
(49, 32012, 1, 29, 0, 0, 0, 0, 0),
(50, 32012, 1, 30, 0, 0, 0, 0, 0),
(51, 32012, 1, 31, 0, 0, 0, 0, 0),
(52, 32012, 1, 32, 0, 0, 0, 0, 0),
(53, 32013, 1, 29, 0, 0, 0, 0, 0),
(54, 32013, 1, 30, 0, 0, 0, 0, 0),
(55, 32013, 1, 31, 0, 0, 0, 0, 0),
(56, 32013, 1, 32, 0, 0, 0, 0, 0),
(57, 32014, 1, 29, 0, 0, 0, 0, 0),
(58, 32014, 1, 30, 0, 0, 0, 0, 0),
(59, 32014, 1, 31, 0, 0, 0, 0, 0),
(60, 32014, 1, 32, 0, 0, 0, 0, 0),
(61, 32015, 1, 29, 0, 0, 0, 0, 0),
(62, 32015, 1, 30, 0, 0, 0, 0, 0),
(63, 32015, 1, 31, 0, 0, 0, 0, 0),
(64, 32015, 1, 32, 0, 0, 0, 0, 0),
(65, 32016, 1, 29, 0, 0, 0, 0, 0),
(66, 32016, 1, 30, 0, 0, 0, 0, 0),
(67, 32016, 1, 31, 0, 0, 0, 0, 0),
(68, 32016, 1, 32, 0, 0, 0, 0, 0),
(69, 32017, 1, 29, 0, 0, 0, 0, 0),
(70, 32017, 1, 30, 0, 0, 0, 0, 0),
(71, 32017, 1, 31, 0, 0, 0, 0, 0),
(72, 32017, 1, 32, 0, 0, 0, 0, 0),
(73, 42012, 1, 29, 0, 0, 0, 0, 0),
(74, 42012, 1, 30, 0, 0, 0, 0, 0),
(75, 42012, 1, 31, 0, 0, 0, 0, 0),
(76, 42012, 1, 32, 0, 0, 0, 0, 0),
(77, 42013, 1, 29, 0, 0, 0, 0, 0),
(78, 42013, 1, 30, 0, 0, 0, 0, 0),
(79, 42013, 1, 31, 0, 0, 0, 0, 0),
(80, 42013, 1, 32, 0, 0, 0, 0, 0),
(81, 42014, 1, 29, 0, 0, 0, 0, 0),
(82, 42014, 1, 30, 0, 0, 0, 0, 0),
(83, 42014, 1, 31, 0, 0, 0, 0, 0),
(84, 42014, 1, 32, 0, 0, 0, 0, 0),
(85, 42015, 1, 29, 0, 0, 0, 0, 0),
(86, 42015, 1, 30, 0, 0, 0, 0, 0),
(87, 42015, 1, 31, 0, 0, 0, 0, 0),
(88, 42015, 1, 32, 0, 0, 0, 0, 0),
(89, 42016, 1, 29, 0, 0, 0, 0, 0),
(90, 42016, 1, 30, 0, 0, 0, 0, 0),
(91, 42016, 1, 31, 0, 0, 0, 0, 0),
(92, 42016, 1, 32, 0, 0, 0, 0, 0),
(93, 42017, 1, 29, 0, 0, 0, 0, 0),
(94, 42017, 1, 30, 0, 0, 0, 0, 0),
(95, 42017, 1, 31, 0, 0, 0, 0, 0),
(96, 42017, 1, 32, 0, 0, 0, 0, 0),
(97, 52012, 1, 29, 0, 0, 0, 0, 0),
(98, 52012, 1, 30, 0, 0, 0, 0, 0),
(99, 52012, 1, 31, 0, 0, 0, 0, 0),
(100, 52012, 1, 32, 0, 0, 0, 0, 0),
(101, 52013, 1, 29, 0, 0, 0, 0, 0),
(102, 52013, 1, 30, 0, 0, 0, 0, 0),
(103, 52013, 1, 31, 0, 0, 0, 0, 0),
(104, 52013, 1, 32, 0, 0, 0, 0, 0),
(105, 52014, 1, 29, 0, 0, 0, 0, 0),
(106, 52014, 1, 30, 0, 0, 0, 0, 0),
(107, 52014, 1, 31, 0, 0, 0, 0, 0),
(108, 52014, 1, 32, 0, 0, 0, 0, 0),
(109, 52015, 1, 29, 0, 0, 0, 0, 0),
(110, 52015, 1, 30, 0, 0, 0, 0, 0),
(111, 52015, 1, 31, 0, 0, 0, 0, 0),
(112, 52015, 1, 32, 0, 0, 0, 0, 0),
(113, 52016, 1, 29, 0, 0, 0, 0, 0),
(114, 52016, 1, 30, 0, 0, 0, 0, 0),
(115, 52016, 1, 31, 0, 0, 0, 0, 0),
(116, 52016, 1, 32, 0, 0, 0, 0, 0),
(117, 52017, 1, 29, 0, 0, 0, 0, 0),
(118, 52017, 1, 30, 0, 0, 0, 0, 0),
(119, 52017, 1, 31, 0, 0, 0, 0, 0),
(120, 52017, 1, 32, 0, 0, 0, 0, 0),
(121, 62012, 1, 29, 0, 0, 0, 0, 0),
(122, 62012, 1, 30, 0, 0, 0, 0, 0),
(123, 62012, 1, 31, 0, 0, 0, 0, 0),
(124, 62012, 1, 32, 0, 0, 0, 0, 0),
(125, 62013, 1, 29, 0, 0, 0, 0, 0),
(126, 62013, 1, 30, 0, 0, 0, 0, 0),
(127, 62013, 1, 31, 0, 0, 0, 0, 0),
(128, 62013, 1, 32, 0, 0, 0, 0, 0),
(129, 62014, 1, 29, 0, 0, 0, 0, 0),
(130, 62014, 1, 30, 0, 0, 0, 0, 0),
(131, 62014, 1, 31, 0, 0, 0, 0, 0),
(132, 62014, 1, 32, 0, 0, 0, 0, 0),
(133, 62015, 1, 29, 0, 0, 0, 0, 0),
(134, 62015, 1, 30, 0, 0, 0, 0, 0),
(135, 62015, 1, 31, 0, 0, 0, 0, 0),
(136, 62015, 1, 32, 0, 0, 0, 0, 0),
(137, 62016, 1, 29, 0, 0, 0, 0, 0),
(138, 62016, 1, 30, 0, 0, 0, 0, 0),
(139, 62016, 1, 31, 0, 0, 0, 0, 0),
(140, 62016, 1, 32, 0, 0, 0, 0, 0),
(141, 62017, 1, 29, 0, 0, 0, 0, 0),
(142, 62017, 1, 30, 0, 0, 0, 0, 0),
(143, 62017, 1, 31, 0, 0, 0, 0, 0),
(144, 62017, 1, 32, 0, 0, 0, 0, 0),
(145, 72012, 1, 29, 0, 0, 0, 0, 0),
(146, 72012, 1, 30, 0, 0, 0, 0, 0),
(147, 72012, 1, 31, 0, 0, 0, 0, 0),
(148, 72012, 1, 32, 0, 0, 0, 0, 0),
(149, 72013, 1, 29, 0, 0, 0, 0, 0),
(150, 72013, 1, 30, 0, 0, 0, 0, 0),
(151, 72013, 1, 31, 0, 0, 0, 0, 0),
(152, 72013, 1, 32, 0, 0, 0, 0, 0),
(153, 72014, 1, 29, 0, 0, 0, 0, 0),
(154, 72014, 1, 30, 0, 0, 0, 0, 0),
(155, 72014, 1, 31, 0, 0, 0, 0, 0),
(156, 72014, 1, 32, 0, 0, 0, 0, 0),
(157, 72015, 1, 29, 0, 0, 0, 0, 0),
(158, 72015, 1, 30, 0, 0, 0, 0, 0),
(159, 72015, 1, 31, 0, 0, 0, 0, 0),
(160, 72015, 1, 32, 0, 0, 0, 0, 0),
(161, 72016, 1, 29, 0, 0, 0, 0, 0),
(162, 72016, 1, 30, 0, 0, 0, 0, 0),
(163, 72016, 1, 31, 0, 0, 0, 0, 0),
(164, 72016, 1, 32, 0, 0, 0, 0, 0),
(165, 72017, 1, 29, 0, 0, 0, 0, 0),
(166, 72017, 1, 30, 0, 0, 0, 0, 0),
(167, 72017, 1, 31, 0, 0, 0, 0, 0),
(168, 72017, 1, 32, 0, 0, 0, 0, 0),
(169, 82012, 1, 29, 0, 0, 0, 0, 0),
(170, 82012, 1, 30, 0, 0, 0, 0, 0),
(171, 82012, 1, 31, 0, 0, 0, 0, 0),
(172, 82012, 1, 32, 0, 0, 0, 0, 0),
(173, 82013, 1, 29, 0, 0, 0, 0, 0),
(174, 82013, 1, 30, 0, 0, 0, 0, 0),
(175, 82013, 1, 31, 0, 0, 0, 0, 0),
(176, 82013, 1, 32, 0, 0, 0, 0, 0),
(177, 82014, 1, 29, 0, 0, 0, 0, 0),
(178, 82014, 1, 30, 0, 0, 0, 0, 0),
(179, 82014, 1, 31, 0, 0, 0, 0, 0),
(180, 82014, 1, 32, 0, 0, 0, 0, 0),
(181, 82015, 1, 29, 0, 0, 0, 0, 0),
(182, 82015, 1, 30, 0, 0, 0, 0, 0),
(183, 82015, 1, 31, 0, 0, 0, 0, 0),
(184, 82015, 1, 32, 0, 0, 0, 0, 0),
(185, 82016, 1, 29, 0, 0, 0, 0, 0),
(186, 82016, 1, 30, 0, 0, 0, 0, 0),
(187, 82016, 1, 31, 0, 0, 0, 0, 0),
(188, 82016, 1, 32, 0, 0, 0, 0, 0),
(189, 82017, 1, 29, 0, 0, 0, 0, 0),
(190, 82017, 1, 30, 0, 0, 0, 0, 0),
(191, 82017, 1, 31, 0, 0, 0, 0, 0),
(192, 82017, 1, 32, 0, 0, 0, 0, 0),
(193, 92012, 1, 29, 0, 0, 0, 0, 0),
(194, 92012, 1, 30, 0, 0, 0, 0, 0),
(195, 92012, 1, 31, 0, 0, 0, 0, 0),
(196, 92012, 1, 32, 0, 0, 0, 0, 0),
(197, 92013, 1, 29, 0, 0, 0, 0, 0),
(198, 92013, 1, 30, 0, 0, 0, 0, 0),
(199, 92013, 1, 31, 0, 0, 0, 0, 0),
(200, 92013, 1, 32, 0, 0, 0, 0, 0),
(201, 92014, 1, 29, 0, 0, 0, 0, 0),
(202, 92014, 1, 30, 0, 0, 0, 0, 0),
(203, 92014, 1, 31, 0, 0, 0, 0, 0),
(204, 92014, 1, 32, 0, 0, 0, 0, 0),
(205, 92015, 1, 29, 0, 0, 0, 0, 0),
(206, 92015, 1, 30, 0, 0, 0, 0, 0),
(207, 92015, 1, 31, 0, 0, 0, 0, 0),
(208, 92015, 1, 32, 0, 0, 0, 0, 0),
(209, 92016, 1, 29, 0, 0, 0, 0, 0),
(210, 92016, 1, 30, 0, 0, 0, 0, 0),
(211, 92016, 1, 31, 0, 0, 0, 0, 0),
(212, 92016, 1, 32, 0, 0, 0, 0, 0),
(213, 92017, 1, 29, 0, 0, 0, 0, 0),
(214, 92017, 1, 30, 0, 0, 0, 0, 0),
(215, 92017, 1, 31, 0, 0, 0, 0, 0),
(216, 92017, 1, 32, 0, 0, 0, 0, 0),
(217, 102012, 1, 29, 0, 0, 0, 0, 0),
(218, 102012, 1, 30, 0, 0, 0, 0, 0),
(219, 102012, 1, 31, 0, 0, 0, 0, 0),
(220, 102012, 1, 32, 0, 0, 0, 0, 0),
(221, 102013, 1, 29, 0, 0, 0, 0, 0),
(222, 102013, 1, 30, 0, 0, 0, 0, 0),
(223, 102013, 1, 31, 0, 0, 0, 0, 0),
(224, 102013, 1, 32, 0, 0, 0, 0, 0),
(225, 102014, 1, 29, 0, 0, 0, 0, 0),
(226, 102014, 1, 30, 0, 0, 0, 0, 0),
(227, 102014, 1, 31, 0, 0, 0, 0, 0),
(228, 102014, 1, 32, 0, 0, 0, 0, 0),
(229, 102015, 1, 29, 0, 0, 0, 0, 0),
(230, 102015, 1, 30, 0, 0, 0, 0, 0),
(231, 102015, 1, 31, 0, 0, 0, 0, 0),
(232, 102015, 1, 32, 0, 0, 0, 0, 0),
(233, 102016, 1, 29, 0, 0, 0, 0, 0),
(234, 102016, 1, 30, 0, 0, 0, 0, 0),
(235, 102016, 1, 31, 0, 0, 0, 0, 0),
(236, 102016, 1, 32, 0, 0, 0, 0, 0),
(237, 102017, 1, 29, 0, 0, 0, 0, 0),
(238, 102017, 1, 30, 0, 0, 0, 0, 0),
(239, 102017, 1, 31, 0, 0, 0, 0, 0),
(240, 102017, 1, 32, 0, 0, 0, 0, 0),
(241, 112012, 1, 29, 0, 0, 0, 0, 0),
(242, 112012, 1, 30, 0, 0, 0, 0, 0),
(243, 112012, 1, 31, 0, 0, 0, 0, 0),
(244, 112012, 1, 32, 0, 0, 0, 0, 0),
(245, 112013, 1, 29, 0, 0, 0, 0, 0),
(246, 112013, 1, 30, 0, 0, 0, 0, 0),
(247, 112013, 1, 31, 0, 0, 0, 0, 0),
(248, 112013, 1, 32, 0, 0, 0, 0, 0),
(249, 112014, 1, 29, 0, 0, 0, 0, 0),
(250, 112014, 1, 30, 0, 0, 0, 0, 0),
(251, 112014, 1, 31, 0, 0, 0, 0, 0),
(252, 112014, 1, 32, 0, 0, 0, 0, 0),
(253, 112015, 1, 29, 0, 0, 0, 0, 0),
(254, 112015, 1, 30, 0, 0, 0, 0, 0),
(255, 112015, 1, 31, 0, 0, 0, 0, 0),
(256, 112015, 1, 32, 0, 0, 0, 0, 0),
(257, 112016, 1, 29, 0, 0, 0, 0, 0),
(258, 112016, 1, 30, 0, 0, 0, 0, 0),
(259, 112016, 1, 31, 0, 0, 0, 0, 0),
(260, 112016, 1, 32, 0, 0, 0, 0, 0),
(261, 112017, 1, 29, 0, 0, 0, 0, 0),
(262, 112017, 1, 30, 0, 0, 0, 0, 0),
(263, 112017, 1, 31, 0, 0, 0, 0, 0),
(264, 112017, 1, 32, 0, 0, 0, 0, 0),
(265, 122012, 1, 29, 0, 0, 0, 0, 0),
(266, 122012, 1, 30, 0, 0, 0, 0, 0),
(267, 122012, 1, 31, 0, 0, 0, 0, 0),
(268, 122012, 1, 32, 0, 0, 0, 0, 0),
(269, 122013, 1, 29, 0, 0, 0, 0, 0),
(270, 122013, 1, 30, 0, 0, 0, 0, 0),
(271, 122013, 1, 31, 0, 0, 0, 0, 0),
(272, 122013, 1, 32, 0, 0, 0, 0, 0),
(273, 122014, 1, 29, 0, 0, 0, 0, 0),
(274, 122014, 1, 30, 0, 0, 0, 0, 0),
(275, 122014, 1, 31, 0, 0, 0, 0, 0),
(276, 122014, 1, 32, 0, 0, 0, 0, 0),
(277, 122015, 1, 29, 0, 0, 0, 0, 0),
(278, 122015, 1, 30, 0, 0, 0, 0, 0),
(279, 122015, 1, 31, 0, 0, 0, 0, 0),
(280, 122015, 1, 32, 0, 0, 0, 0, 0),
(281, 122016, 1, 29, 0, 0, 0, 0, 0),
(282, 122016, 1, 30, 0, 0, 0, 0, 0),
(283, 122016, 1, 31, 0, 0, 0, 0, 0),
(284, 122016, 1, 32, 0, 0, 0, 0, 0),
(285, 122017, 1, 29, 0, 0, 0, 0, 0),
(286, 122017, 1, 30, 0, 0, 0, 0, 0),
(287, 122017, 1, 31, 0, 0, 0, 0, 0),
(288, 122017, 1, 32, 0, 0, 0, 0, 0),
(289, 12012, 2, 33, 0, 0, 0, 0, 0),
(290, 12012, 2, 34, 0, 0, 0, 0, 0),
(291, 12012, 2, 35, 0, 0, 0, 0, 0),
(292, 12012, 2, 36, 0, 0, 0, 0, 0),
(293, 12012, 2, 37, 0, 0, 0, 0, 0),
(294, 12012, 2, 38, 0, 0, 0, 0, 0),
(295, 12012, 2, 39, 0, 0, 0, 0, 0),
(296, 12013, 2, 33, 0.298507, 30, 2374090, 30, 2400000),
(297, 12013, 2, 34, 0.149254, 15, 1187050, 15, 1200000),
(298, 12013, 2, 35, 0.149254, 15, 1187050, 15, 1200000),
(299, 12013, 2, 36, 0.104478, 10, 830933, 10, 800000),
(300, 12013, 2, 37, 0.149254, 15, 1187050, 15, 1200000),
(301, 12013, 2, 38, 0.149254, 15, 1187050, 15, 1200000),
(302, 12013, 2, 39, 0, 0, 0, 0, 0),
(303, 12014, 2, 33, 0, 0, 0, 0, 0),
(304, 12014, 2, 34, 0, 0, 0, 0, 0),
(305, 12014, 2, 35, 0, 0, 0, 0, 0),
(306, 12014, 2, 36, 0, 0, 0, 0, 0),
(307, 12014, 2, 37, 0, 0, 0, 0, 0),
(308, 12014, 2, 38, 0, 0, 0, 0, 0),
(309, 12014, 2, 39, 0, 0, 0, 0, 0),
(310, 12015, 2, 33, 0, 0, 0, 0, 0),
(311, 12015, 2, 34, 0, 0, 0, 0, 0),
(312, 12015, 2, 35, 0, 0, 0, 0, 0),
(313, 12015, 2, 36, 0, 0, 0, 0, 0),
(314, 12015, 2, 37, 0, 0, 0, 0, 0),
(315, 12015, 2, 38, 0, 0, 0, 0, 0),
(316, 12015, 2, 39, 0, 0, 0, 0, 0),
(317, 12016, 2, 33, 0, 0, 0, 0, 0),
(318, 12016, 2, 34, 0, 0, 0, 0, 0),
(319, 12016, 2, 35, 0, 0, 0, 0, 0),
(320, 12016, 2, 36, 0, 0, 0, 0, 0),
(321, 12016, 2, 37, 0, 0, 0, 0, 0),
(322, 12016, 2, 38, 0, 0, 0, 0, 0),
(323, 12016, 2, 39, 0, 0, 0, 0, 0),
(324, 12017, 2, 33, 0, 0, 0, 0, 0),
(325, 12017, 2, 34, 0, 0, 0, 0, 0),
(326, 12017, 2, 35, 0, 0, 0, 0, 0),
(327, 12017, 2, 36, 0, 0, 0, 0, 0),
(328, 12017, 2, 37, 0, 0, 0, 0, 0),
(329, 12017, 2, 38, 0, 0, 0, 0, 0),
(330, 12017, 2, 39, 0, 0, 0, 0, 0),
(331, 22012, 2, 33, 0, 0, 0, 0, 0),
(332, 22012, 2, 34, 0, 0, 0, 0, 0),
(333, 22012, 2, 35, 0, 0, 0, 0, 0),
(334, 22012, 2, 36, 0, 0, 0, 0, 0),
(335, 22012, 2, 37, 0, 0, 0, 0, 0),
(336, 22012, 2, 38, 0, 0, 0, 0, 0),
(337, 22012, 2, 39, 0, 0, 0, 0, 0),
(338, 22013, 2, 33, 0, 0, 0, 0, 0),
(339, 22013, 2, 34, 0, 0, 0, 0, 0),
(340, 22013, 2, 35, 0, 0, 0, 0, 0),
(341, 22013, 2, 36, 0, 0, 0, 0, 0),
(342, 22013, 2, 37, 0, 0, 0, 0, 0),
(343, 22013, 2, 38, 0, 0, 0, 0, 0),
(344, 22013, 2, 39, 0, 0, 0, 0, 0),
(345, 22014, 2, 33, 0, 0, 0, 0, 0),
(346, 22014, 2, 34, 0, 0, 0, 0, 0),
(347, 22014, 2, 35, 0, 0, 0, 0, 0),
(348, 22014, 2, 36, 0, 0, 0, 0, 0),
(349, 22014, 2, 37, 0, 0, 0, 0, 0),
(350, 22014, 2, 38, 0, 0, 0, 0, 0),
(351, 22014, 2, 39, 0, 0, 0, 0, 0),
(352, 22015, 2, 33, 0, 0, 0, 0, 0),
(353, 22015, 2, 34, 0, 0, 0, 0, 0),
(354, 22015, 2, 35, 0, 0, 0, 0, 0),
(355, 22015, 2, 36, 0, 0, 0, 0, 0),
(356, 22015, 2, 37, 0, 0, 0, 0, 0),
(357, 22015, 2, 38, 0, 0, 0, 0, 0),
(358, 22015, 2, 39, 0, 0, 0, 0, 0),
(359, 22016, 2, 33, 0, 0, 0, 0, 0),
(360, 22016, 2, 34, 0, 0, 0, 0, 0),
(361, 22016, 2, 35, 0, 0, 0, 0, 0),
(362, 22016, 2, 36, 0, 0, 0, 0, 0),
(363, 22016, 2, 37, 0, 0, 0, 0, 0),
(364, 22016, 2, 38, 0, 0, 0, 0, 0),
(365, 22016, 2, 39, 0, 0, 0, 0, 0),
(366, 22017, 2, 33, 0, 0, 0, 0, 0),
(367, 22017, 2, 34, 0, 0, 0, 0, 0),
(368, 22017, 2, 35, 0, 0, 0, 0, 0),
(369, 22017, 2, 36, 0, 0, 0, 0, 0),
(370, 22017, 2, 37, 0, 0, 0, 0, 0),
(371, 22017, 2, 38, 0, 0, 0, 0, 0),
(372, 22017, 2, 39, 0, 0, 0, 0, 0),
(373, 32012, 2, 33, 0, 0, 0, 0, 0),
(374, 32012, 2, 34, 0, 0, 0, 0, 0),
(375, 32012, 2, 35, 0, 0, 0, 0, 0),
(376, 32012, 2, 36, 0, 0, 0, 0, 0),
(377, 32012, 2, 37, 0, 0, 0, 0, 0),
(378, 32012, 2, 38, 0, 0, 0, 0, 0),
(379, 32012, 2, 39, 0, 0, 0, 0, 0),
(380, 32013, 2, 33, 0, 0, 0, 0, 0),
(381, 32013, 2, 34, 0, 0, 0, 0, 0),
(382, 32013, 2, 35, 0, 0, 0, 0, 0),
(383, 32013, 2, 36, 0, 0, 0, 0, 0),
(384, 32013, 2, 37, 0, 0, 0, 0, 0),
(385, 32013, 2, 38, 0, 0, 0, 0, 0),
(386, 32013, 2, 39, 0, 0, 0, 0, 0),
(387, 32014, 2, 33, 0, 0, 0, 0, 0),
(388, 32014, 2, 34, 0, 0, 0, 0, 0),
(389, 32014, 2, 35, 0, 0, 0, 0, 0),
(390, 32014, 2, 36, 0, 0, 0, 0, 0),
(391, 32014, 2, 37, 0, 0, 0, 0, 0),
(392, 32014, 2, 38, 0, 0, 0, 0, 0),
(393, 32014, 2, 39, 0, 0, 0, 0, 0),
(394, 32015, 2, 33, 0, 0, 0, 0, 0),
(395, 32015, 2, 34, 0, 0, 0, 0, 0),
(396, 32015, 2, 35, 0, 0, 0, 0, 0),
(397, 32015, 2, 36, 0, 0, 0, 0, 0),
(398, 32015, 2, 37, 0, 0, 0, 0, 0),
(399, 32015, 2, 38, 0, 0, 0, 0, 0),
(400, 32015, 2, 39, 0, 0, 0, 0, 0),
(401, 32016, 2, 33, 0, 0, 0, 0, 0),
(402, 32016, 2, 34, 0, 0, 0, 0, 0),
(403, 32016, 2, 35, 0, 0, 0, 0, 0),
(404, 32016, 2, 36, 0, 0, 0, 0, 0),
(405, 32016, 2, 37, 0, 0, 0, 0, 0),
(406, 32016, 2, 38, 0, 0, 0, 0, 0),
(407, 32016, 2, 39, 0, 0, 0, 0, 0),
(408, 32017, 2, 33, 0, 0, 0, 0, 0),
(409, 32017, 2, 34, 0, 0, 0, 0, 0),
(410, 32017, 2, 35, 0, 0, 0, 0, 0),
(411, 32017, 2, 36, 0, 0, 0, 0, 0),
(412, 32017, 2, 37, 0, 0, 0, 0, 0),
(413, 32017, 2, 38, 0, 0, 0, 0, 0),
(414, 32017, 2, 39, 0, 0, 0, 0, 0),
(415, 42012, 2, 33, 0, 0, 0, 0, 0),
(416, 42012, 2, 34, 0, 0, 0, 0, 0),
(417, 42012, 2, 35, 0, 0, 0, 0, 0),
(418, 42012, 2, 36, 0, 0, 0, 0, 0),
(419, 42012, 2, 37, 0, 0, 0, 0, 0),
(420, 42012, 2, 38, 0, 0, 0, 0, 0),
(421, 42012, 2, 39, 0, 0, 0, 0, 0),
(422, 42013, 2, 33, 0, 0, 0, 0, 0),
(423, 42013, 2, 34, 0, 0, 0, 0, 0),
(424, 42013, 2, 35, 0, 0, 0, 0, 0),
(425, 42013, 2, 36, 0, 0, 0, 0, 0),
(426, 42013, 2, 37, 0, 0, 0, 0, 0),
(427, 42013, 2, 38, 0, 0, 0, 0, 0),
(428, 42013, 2, 39, 0, 0, 0, 0, 0),
(429, 42014, 2, 33, 0, 0, 0, 0, 0),
(430, 42014, 2, 34, 0, 0, 0, 0, 0),
(431, 42014, 2, 35, 0, 0, 0, 0, 0),
(432, 42014, 2, 36, 0, 0, 0, 0, 0),
(433, 42014, 2, 37, 0, 0, 0, 0, 0),
(434, 42014, 2, 38, 0, 0, 0, 0, 0),
(435, 42014, 2, 39, 0, 0, 0, 0, 0),
(436, 42015, 2, 33, 0, 0, 0, 0, 0),
(437, 42015, 2, 34, 0, 0, 0, 0, 0),
(438, 42015, 2, 35, 0, 0, 0, 0, 0),
(439, 42015, 2, 36, 0, 0, 0, 0, 0),
(440, 42015, 2, 37, 0, 0, 0, 0, 0),
(441, 42015, 2, 38, 0, 0, 0, 0, 0),
(442, 42015, 2, 39, 0, 0, 0, 0, 0),
(443, 42016, 2, 33, 0, 0, 0, 0, 0),
(444, 42016, 2, 34, 0, 0, 0, 0, 0),
(445, 42016, 2, 35, 0, 0, 0, 0, 0),
(446, 42016, 2, 36, 0, 0, 0, 0, 0),
(447, 42016, 2, 37, 0, 0, 0, 0, 0),
(448, 42016, 2, 38, 0, 0, 0, 0, 0),
(449, 42016, 2, 39, 0, 0, 0, 0, 0),
(450, 42017, 2, 33, 0, 0, 0, 0, 0),
(451, 42017, 2, 34, 0, 0, 0, 0, 0),
(452, 42017, 2, 35, 0, 0, 0, 0, 0),
(453, 42017, 2, 36, 0, 0, 0, 0, 0),
(454, 42017, 2, 37, 0, 0, 0, 0, 0),
(455, 42017, 2, 38, 0, 0, 0, 0, 0),
(456, 42017, 2, 39, 0, 0, 0, 0, 0),
(457, 52012, 2, 33, 0, 0, 0, 0, 0),
(458, 52012, 2, 34, 0, 0, 0, 0, 0),
(459, 52012, 2, 35, 0, 0, 0, 0, 0),
(460, 52012, 2, 36, 0, 0, 0, 0, 0),
(461, 52012, 2, 37, 0, 0, 0, 0, 0),
(462, 52012, 2, 38, 0, 0, 0, 0, 0),
(463, 52012, 2, 39, 0, 0, 0, 0, 0),
(464, 52013, 2, 33, 0, 0, 0, 0, 0),
(465, 52013, 2, 34, 0, 0, 0, 0, 0),
(466, 52013, 2, 35, 0, 0, 0, 0, 0),
(467, 52013, 2, 36, 0, 0, 0, 0, 0),
(468, 52013, 2, 37, 0, 0, 0, 0, 0),
(469, 52013, 2, 38, 0, 0, 0, 0, 0),
(470, 52013, 2, 39, 0, 0, 0, 0, 0),
(471, 52014, 2, 33, 0, 0, 0, 0, 0),
(472, 52014, 2, 34, 0, 0, 0, 0, 0),
(473, 52014, 2, 35, 0, 0, 0, 0, 0),
(474, 52014, 2, 36, 0, 0, 0, 0, 0),
(475, 52014, 2, 37, 0, 0, 0, 0, 0),
(476, 52014, 2, 38, 0, 0, 0, 0, 0),
(477, 52014, 2, 39, 0, 0, 0, 0, 0),
(478, 52015, 2, 33, 0, 0, 0, 0, 0),
(479, 52015, 2, 34, 0, 0, 0, 0, 0),
(480, 52015, 2, 35, 0, 0, 0, 0, 0),
(481, 52015, 2, 36, 0, 0, 0, 0, 0),
(482, 52015, 2, 37, 0, 0, 0, 0, 0),
(483, 52015, 2, 38, 0, 0, 0, 0, 0),
(484, 52015, 2, 39, 0, 0, 0, 0, 0),
(485, 52016, 2, 33, 0, 0, 0, 0, 0),
(486, 52016, 2, 34, 0, 0, 0, 0, 0),
(487, 52016, 2, 35, 0, 0, 0, 0, 0),
(488, 52016, 2, 36, 0, 0, 0, 0, 0),
(489, 52016, 2, 37, 0, 0, 0, 0, 0),
(490, 52016, 2, 38, 0, 0, 0, 0, 0),
(491, 52016, 2, 39, 0, 0, 0, 0, 0),
(492, 52017, 2, 33, 0, 0, 0, 0, 0),
(493, 52017, 2, 34, 0, 0, 0, 0, 0),
(494, 52017, 2, 35, 0, 0, 0, 0, 0),
(495, 52017, 2, 36, 0, 0, 0, 0, 0),
(496, 52017, 2, 37, 0, 0, 0, 0, 0),
(497, 52017, 2, 38, 0, 0, 0, 0, 0),
(498, 52017, 2, 39, 0, 0, 0, 0, 0),
(499, 62012, 2, 33, 0, 0, 0, 0, 0),
(500, 62012, 2, 34, 0, 0, 0, 0, 0),
(501, 62012, 2, 35, 0, 0, 0, 0, 0),
(502, 62012, 2, 36, 0, 0, 0, 0, 0),
(503, 62012, 2, 37, 0, 0, 0, 0, 0),
(504, 62012, 2, 38, 0, 0, 0, 0, 0),
(505, 62012, 2, 39, 0, 0, 0, 0, 0),
(506, 62013, 2, 33, 0, 0, 0, 0, 0),
(507, 62013, 2, 34, 0, 0, 0, 0, 0),
(508, 62013, 2, 35, 0, 0, 0, 0, 0),
(509, 62013, 2, 36, 0, 0, 0, 0, 0),
(510, 62013, 2, 37, 0, 0, 0, 0, 0),
(511, 62013, 2, 38, 0, 0, 0, 0, 0),
(512, 62013, 2, 39, 0, 0, 0, 0, 0),
(513, 62014, 2, 33, 0, 0, 0, 0, 0),
(514, 62014, 2, 34, 0, 0, 0, 0, 0),
(515, 62014, 2, 35, 0, 0, 0, 0, 0),
(516, 62014, 2, 36, 0, 0, 0, 0, 0),
(517, 62014, 2, 37, 0, 0, 0, 0, 0),
(518, 62014, 2, 38, 0, 0, 0, 0, 0),
(519, 62014, 2, 39, 0, 0, 0, 0, 0),
(520, 62015, 2, 33, 0, 0, 0, 0, 0),
(521, 62015, 2, 34, 0, 0, 0, 0, 0),
(522, 62015, 2, 35, 0, 0, 0, 0, 0),
(523, 62015, 2, 36, 0, 0, 0, 0, 0),
(524, 62015, 2, 37, 0, 0, 0, 0, 0),
(525, 62015, 2, 38, 0, 0, 0, 0, 0),
(526, 62015, 2, 39, 0, 0, 0, 0, 0),
(527, 62016, 2, 33, 0, 0, 0, 0, 0),
(528, 62016, 2, 34, 0, 0, 0, 0, 0),
(529, 62016, 2, 35, 0, 0, 0, 0, 0),
(530, 62016, 2, 36, 0, 0, 0, 0, 0),
(531, 62016, 2, 37, 0, 0, 0, 0, 0),
(532, 62016, 2, 38, 0, 0, 0, 0, 0),
(533, 62016, 2, 39, 0, 0, 0, 0, 0),
(534, 62017, 2, 33, 0, 0, 0, 0, 0),
(535, 62017, 2, 34, 0, 0, 0, 0, 0),
(536, 62017, 2, 35, 0, 0, 0, 0, 0),
(537, 62017, 2, 36, 0, 0, 0, 0, 0),
(538, 62017, 2, 37, 0, 0, 0, 0, 0),
(539, 62017, 2, 38, 0, 0, 0, 0, 0),
(540, 62017, 2, 39, 0, 0, 0, 0, 0),
(541, 72012, 2, 33, 0, 0, 0, 0, 0),
(542, 72012, 2, 34, 0, 0, 0, 0, 0),
(543, 72012, 2, 35, 0, 0, 0, 0, 0),
(544, 72012, 2, 36, 0, 0, 0, 0, 0),
(545, 72012, 2, 37, 0, 0, 0, 0, 0),
(546, 72012, 2, 38, 0, 0, 0, 0, 0),
(547, 72012, 2, 39, 0, 0, 0, 0, 0),
(548, 72013, 2, 33, 0, 0, 0, 0, 0),
(549, 72013, 2, 34, 0, 0, 0, 0, 0),
(550, 72013, 2, 35, 0, 0, 0, 0, 0),
(551, 72013, 2, 36, 0, 0, 0, 0, 0),
(552, 72013, 2, 37, 0, 0, 0, 0, 0),
(553, 72013, 2, 38, 0, 0, 0, 0, 0),
(554, 72013, 2, 39, 0, 0, 0, 0, 0),
(555, 72014, 2, 33, 0, 0, 0, 0, 0),
(556, 72014, 2, 34, 0, 0, 0, 0, 0),
(557, 72014, 2, 35, 0, 0, 0, 0, 0),
(558, 72014, 2, 36, 0, 0, 0, 0, 0),
(559, 72014, 2, 37, 0, 0, 0, 0, 0),
(560, 72014, 2, 38, 0, 0, 0, 0, 0),
(561, 72014, 2, 39, 0, 0, 0, 0, 0),
(562, 72015, 2, 33, 0, 0, 0, 0, 0),
(563, 72015, 2, 34, 0, 0, 0, 0, 0),
(564, 72015, 2, 35, 0, 0, 0, 0, 0),
(565, 72015, 2, 36, 0, 0, 0, 0, 0),
(566, 72015, 2, 37, 0, 0, 0, 0, 0),
(567, 72015, 2, 38, 0, 0, 0, 0, 0),
(568, 72015, 2, 39, 0, 0, 0, 0, 0),
(569, 72016, 2, 33, 0, 0, 0, 0, 0),
(570, 72016, 2, 34, 0, 0, 0, 0, 0),
(571, 72016, 2, 35, 0, 0, 0, 0, 0),
(572, 72016, 2, 36, 0, 0, 0, 0, 0),
(573, 72016, 2, 37, 0, 0, 0, 0, 0),
(574, 72016, 2, 38, 0, 0, 0, 0, 0),
(575, 72016, 2, 39, 0, 0, 0, 0, 0),
(576, 72017, 2, 33, 0, 0, 0, 0, 0),
(577, 72017, 2, 34, 0, 0, 0, 0, 0),
(578, 72017, 2, 35, 0, 0, 0, 0, 0),
(579, 72017, 2, 36, 0, 0, 0, 0, 0),
(580, 72017, 2, 37, 0, 0, 0, 0, 0),
(581, 72017, 2, 38, 0, 0, 0, 0, 0),
(582, 72017, 2, 39, 0, 0, 0, 0, 0),
(583, 82012, 2, 33, 0, 0, 0, 0, 0),
(584, 82012, 2, 34, 0, 0, 0, 0, 0),
(585, 82012, 2, 35, 0, 0, 0, 0, 0),
(586, 82012, 2, 36, 0, 0, 0, 0, 0),
(587, 82012, 2, 37, 0, 0, 0, 0, 0),
(588, 82012, 2, 38, 0, 0, 0, 0, 0),
(589, 82012, 2, 39, 0, 0, 0, 0, 0),
(590, 82013, 2, 33, 0, 0, 0, 0, 0),
(591, 82013, 2, 34, 0, 0, 0, 0, 0),
(592, 82013, 2, 35, 0, 0, 0, 0, 0),
(593, 82013, 2, 36, 0, 0, 0, 0, 0),
(594, 82013, 2, 37, 0, 0, 0, 0, 0),
(595, 82013, 2, 38, 0, 0, 0, 0, 0),
(596, 82013, 2, 39, 0, 0, 0, 0, 0),
(597, 82014, 2, 33, 0, 0, 0, 0, 0),
(598, 82014, 2, 34, 0, 0, 0, 0, 0),
(599, 82014, 2, 35, 0, 0, 0, 0, 0),
(600, 82014, 2, 36, 0, 0, 0, 0, 0),
(601, 82014, 2, 37, 0, 0, 0, 0, 0),
(602, 82014, 2, 38, 0, 0, 0, 0, 0),
(603, 82014, 2, 39, 0, 0, 0, 0, 0),
(604, 82015, 2, 33, 0, 0, 0, 0, 0),
(605, 82015, 2, 34, 0, 0, 0, 0, 0),
(606, 82015, 2, 35, 0, 0, 0, 0, 0),
(607, 82015, 2, 36, 0, 0, 0, 0, 0),
(608, 82015, 2, 37, 0, 0, 0, 0, 0),
(609, 82015, 2, 38, 0, 0, 0, 0, 0),
(610, 82015, 2, 39, 0, 0, 0, 0, 0),
(611, 82016, 2, 33, 0, 0, 0, 0, 0),
(612, 82016, 2, 34, 0, 0, 0, 0, 0),
(613, 82016, 2, 35, 0, 0, 0, 0, 0),
(614, 82016, 2, 36, 0, 0, 0, 0, 0),
(615, 82016, 2, 37, 0, 0, 0, 0, 0),
(616, 82016, 2, 38, 0, 0, 0, 0, 0),
(617, 82016, 2, 39, 0, 0, 0, 0, 0),
(618, 82017, 2, 33, 0, 0, 0, 0, 0),
(619, 82017, 2, 34, 0, 0, 0, 0, 0),
(620, 82017, 2, 35, 0, 0, 0, 0, 0),
(621, 82017, 2, 36, 0, 0, 0, 0, 0),
(622, 82017, 2, 37, 0, 0, 0, 0, 0),
(623, 82017, 2, 38, 0, 0, 0, 0, 0),
(624, 82017, 2, 39, 0, 0, 0, 0, 0),
(625, 92012, 2, 33, 0, 0, 0, 0, 0),
(626, 92012, 2, 34, 0, 0, 0, 0, 0),
(627, 92012, 2, 35, 0, 0, 0, 0, 0),
(628, 92012, 2, 36, 0, 0, 0, 0, 0),
(629, 92012, 2, 37, 0, 0, 0, 0, 0),
(630, 92012, 2, 38, 0, 0, 0, 0, 0),
(631, 92012, 2, 39, 0, 0, 0, 0, 0),
(632, 92013, 2, 33, 0, 0, 0, 0, 0),
(633, 92013, 2, 34, 0, 0, 0, 0, 0),
(634, 92013, 2, 35, 0, 0, 0, 0, 0),
(635, 92013, 2, 36, 0, 0, 0, 0, 0),
(636, 92013, 2, 37, 0, 0, 0, 0, 0),
(637, 92013, 2, 38, 0, 0, 0, 0, 0),
(638, 92013, 2, 39, 0, 0, 0, 0, 0),
(639, 92014, 2, 33, 0, 0, 0, 0, 0),
(640, 92014, 2, 34, 0, 0, 0, 0, 0),
(641, 92014, 2, 35, 0, 0, 0, 0, 0),
(642, 92014, 2, 36, 0, 0, 0, 0, 0),
(643, 92014, 2, 37, 0, 0, 0, 0, 0),
(644, 92014, 2, 38, 0, 0, 0, 0, 0),
(645, 92014, 2, 39, 0, 0, 0, 0, 0),
(646, 92015, 2, 33, 0, 0, 0, 0, 0),
(647, 92015, 2, 34, 0, 0, 0, 0, 0),
(648, 92015, 2, 35, 0, 0, 0, 0, 0),
(649, 92015, 2, 36, 0, 0, 0, 0, 0),
(650, 92015, 2, 37, 0, 0, 0, 0, 0),
(651, 92015, 2, 38, 0, 0, 0, 0, 0),
(652, 92015, 2, 39, 0, 0, 0, 0, 0),
(653, 92016, 2, 33, 0, 0, 0, 0, 0),
(654, 92016, 2, 34, 0, 0, 0, 0, 0),
(655, 92016, 2, 35, 0, 0, 0, 0, 0),
(656, 92016, 2, 36, 0, 0, 0, 0, 0),
(657, 92016, 2, 37, 0, 0, 0, 0, 0),
(658, 92016, 2, 38, 0, 0, 0, 0, 0),
(659, 92016, 2, 39, 0, 0, 0, 0, 0),
(660, 92017, 2, 33, 0, 0, 0, 0, 0),
(661, 92017, 2, 34, 0, 0, 0, 0, 0),
(662, 92017, 2, 35, 0, 0, 0, 0, 0),
(663, 92017, 2, 36, 0, 0, 0, 0, 0),
(664, 92017, 2, 37, 0, 0, 0, 0, 0),
(665, 92017, 2, 38, 0, 0, 0, 0, 0),
(666, 92017, 2, 39, 0, 0, 0, 0, 0),
(667, 102012, 2, 33, 0, 0, 0, 0, 0),
(668, 102012, 2, 34, 0, 0, 0, 0, 0),
(669, 102012, 2, 35, 0, 0, 0, 0, 0),
(670, 102012, 2, 36, 0, 0, 0, 0, 0),
(671, 102012, 2, 37, 0, 0, 0, 0, 0),
(672, 102012, 2, 38, 0, 0, 0, 0, 0),
(673, 102012, 2, 39, 0, 0, 0, 0, 0),
(674, 102013, 2, 33, 0, 0, 0, 0, 0),
(675, 102013, 2, 34, 0, 0, 0, 0, 0),
(676, 102013, 2, 35, 0, 0, 0, 0, 0),
(677, 102013, 2, 36, 0, 0, 0, 0, 0),
(678, 102013, 2, 37, 0, 0, 0, 0, 0),
(679, 102013, 2, 38, 0, 0, 0, 0, 0),
(680, 102013, 2, 39, 0, 0, 0, 0, 0),
(681, 102014, 2, 33, 0, 0, 0, 0, 0),
(682, 102014, 2, 34, 0, 0, 0, 0, 0),
(683, 102014, 2, 35, 0, 0, 0, 0, 0),
(684, 102014, 2, 36, 0, 0, 0, 0, 0),
(685, 102014, 2, 37, 0, 0, 0, 0, 0),
(686, 102014, 2, 38, 0, 0, 0, 0, 0),
(687, 102014, 2, 39, 0, 0, 0, 0, 0),
(688, 102015, 2, 33, 0, 0, 0, 0, 0),
(689, 102015, 2, 34, 0, 0, 0, 0, 0),
(690, 102015, 2, 35, 0, 0, 0, 0, 0),
(691, 102015, 2, 36, 0, 0, 0, 0, 0),
(692, 102015, 2, 37, 0, 0, 0, 0, 0),
(693, 102015, 2, 38, 0, 0, 0, 0, 0),
(694, 102015, 2, 39, 0, 0, 0, 0, 0),
(695, 102016, 2, 33, 0, 0, 0, 0, 0),
(696, 102016, 2, 34, 0, 0, 0, 0, 0),
(697, 102016, 2, 35, 0, 0, 0, 0, 0),
(698, 102016, 2, 36, 0, 0, 0, 0, 0),
(699, 102016, 2, 37, 0, 0, 0, 0, 0),
(700, 102016, 2, 38, 0, 0, 0, 0, 0),
(701, 102016, 2, 39, 0, 0, 0, 0, 0),
(702, 102017, 2, 33, 0, 0, 0, 0, 0),
(703, 102017, 2, 34, 0, 0, 0, 0, 0),
(704, 102017, 2, 35, 0, 0, 0, 0, 0),
(705, 102017, 2, 36, 0, 0, 0, 0, 0),
(706, 102017, 2, 37, 0, 0, 0, 0, 0),
(707, 102017, 2, 38, 0, 0, 0, 0, 0),
(708, 102017, 2, 39, 0, 0, 0, 0, 0),
(709, 112012, 2, 33, 0, 0, 0, 0, 0),
(710, 112012, 2, 34, 0, 0, 0, 0, 0),
(711, 112012, 2, 35, 0, 0, 0, 0, 0),
(712, 112012, 2, 36, 0, 0, 0, 0, 0),
(713, 112012, 2, 37, 0, 0, 0, 0, 0),
(714, 112012, 2, 38, 0, 0, 0, 0, 0),
(715, 112012, 2, 39, 0, 0, 0, 0, 0),
(716, 112013, 2, 33, 0, 0, 0, 0, 0),
(717, 112013, 2, 34, 0, 0, 0, 0, 0),
(718, 112013, 2, 35, 0, 0, 0, 0, 0),
(719, 112013, 2, 36, 0, 0, 0, 0, 0),
(720, 112013, 2, 37, 0, 0, 0, 0, 0),
(721, 112013, 2, 38, 0, 0, 0, 0, 0),
(722, 112013, 2, 39, 0, 0, 0, 0, 0),
(723, 112014, 2, 33, 0, 0, 0, 0, 0),
(724, 112014, 2, 34, 0, 0, 0, 0, 0),
(725, 112014, 2, 35, 0, 0, 0, 0, 0),
(726, 112014, 2, 36, 0, 0, 0, 0, 0),
(727, 112014, 2, 37, 0, 0, 0, 0, 0),
(728, 112014, 2, 38, 0, 0, 0, 0, 0),
(729, 112014, 2, 39, 0, 0, 0, 0, 0),
(730, 112015, 2, 33, 0, 0, 0, 0, 0),
(731, 112015, 2, 34, 0, 0, 0, 0, 0),
(732, 112015, 2, 35, 0, 0, 0, 0, 0),
(733, 112015, 2, 36, 0, 0, 0, 0, 0),
(734, 112015, 2, 37, 0, 0, 0, 0, 0),
(735, 112015, 2, 38, 0, 0, 0, 0, 0),
(736, 112015, 2, 39, 0, 0, 0, 0, 0),
(737, 112016, 2, 33, 0, 0, 0, 0, 0),
(738, 112016, 2, 34, 0, 0, 0, 0, 0),
(739, 112016, 2, 35, 0, 0, 0, 0, 0),
(740, 112016, 2, 36, 0, 0, 0, 0, 0),
(741, 112016, 2, 37, 0, 0, 0, 0, 0),
(742, 112016, 2, 38, 0, 0, 0, 0, 0),
(743, 112016, 2, 39, 0, 0, 0, 0, 0),
(744, 112017, 2, 33, 0, 0, 0, 0, 0),
(745, 112017, 2, 34, 0, 0, 0, 0, 0),
(746, 112017, 2, 35, 0, 0, 0, 0, 0),
(747, 112017, 2, 36, 0, 0, 0, 0, 0),
(748, 112017, 2, 37, 0, 0, 0, 0, 0),
(749, 112017, 2, 38, 0, 0, 0, 0, 0),
(750, 112017, 2, 39, 0, 0, 0, 0, 0),
(751, 122012, 2, 33, 0, 0, 0, 0, 0),
(752, 122012, 2, 34, 0, 0, 0, 0, 0),
(753, 122012, 2, 35, 0, 0, 0, 0, 0),
(754, 122012, 2, 36, 0, 0, 0, 0, 0),
(755, 122012, 2, 37, 0, 0, 0, 0, 0),
(756, 122012, 2, 38, 0, 0, 0, 0, 0),
(757, 122012, 2, 39, 0, 0, 0, 0, 0),
(758, 122013, 2, 33, 0, 0, 0, 0, 0),
(759, 122013, 2, 34, 0, 0, 0, 0, 0),
(760, 122013, 2, 35, 0, 0, 0, 0, 0),
(761, 122013, 2, 36, 0, 0, 0, 0, 0),
(762, 122013, 2, 37, 0, 0, 0, 0, 0),
(763, 122013, 2, 38, 0, 0, 0, 0, 0),
(764, 122013, 2, 39, 0, 0, 0, 0, 0),
(765, 122014, 2, 33, 0, 0, 0, 0, 0),
(766, 122014, 2, 34, 0, 0, 0, 0, 0),
(767, 122014, 2, 35, 0, 0, 0, 0, 0),
(768, 122014, 2, 36, 0, 0, 0, 0, 0),
(769, 122014, 2, 37, 0, 0, 0, 0, 0),
(770, 122014, 2, 38, 0, 0, 0, 0, 0),
(771, 122014, 2, 39, 0, 0, 0, 0, 0),
(772, 122015, 2, 33, 0, 0, 0, 0, 0),
(773, 122015, 2, 34, 0, 0, 0, 0, 0),
(774, 122015, 2, 35, 0, 0, 0, 0, 0),
(775, 122015, 2, 36, 0, 0, 0, 0, 0),
(776, 122015, 2, 37, 0, 0, 0, 0, 0),
(777, 122015, 2, 38, 0, 0, 0, 0, 0),
(778, 122015, 2, 39, 0, 0, 0, 0, 0),
(779, 122016, 2, 33, 0, 0, 0, 0, 0),
(780, 122016, 2, 34, 0, 0, 0, 0, 0),
(781, 122016, 2, 35, 0, 0, 0, 0, 0),
(782, 122016, 2, 36, 0, 0, 0, 0, 0),
(783, 122016, 2, 37, 0, 0, 0, 0, 0),
(784, 122016, 2, 38, 0, 0, 0, 0, 0),
(785, 122016, 2, 39, 0, 0, 0, 0, 0),
(786, 122017, 2, 33, 0, 0, 0, 0, 0),
(787, 122017, 2, 34, 0, 0, 0, 0, 0),
(788, 122017, 2, 35, 0, 0, 0, 0, 0),
(789, 122017, 2, 36, 0, 0, 0, 0, 0),
(790, 122017, 2, 37, 0, 0, 0, 0, 0),
(791, 122017, 2, 38, 0, 0, 0, 0, 0),
(792, 122017, 2, 39, 0, 0, 0, 0, 0),
(793, 12012, 2, 2, 0, 0, 0, 0, 0),
(794, 12012, 2, 3, 0, 0, 0, 0, 0),
(795, 12012, 2, 4, 0, 0, 0, 0, 0),
(796, 12012, 2, 5, 0, 0, 0, 0, 0),
(797, 12012, 2, 6, 0, 0, 0, 0, 0),
(798, 12012, 2, 7, 0, 0, 0, 0, 0),
(799, 12012, 2, 8, 0, 0, 0, 0, 0),
(800, 12012, 2, 9, 0, 0, 0, 0, 0),
(801, 12012, 2, 10, 0, 0, 0, 0, 0),
(802, 12012, 2, 11, 0, 0, 0, 0, 0),
(803, 12012, 2, 12, 0, 0, 0, 0, 0),
(804, 12012, 2, 13, 0, 0, 0, 0, 0),
(805, 12012, 2, 14, 0, 0, 0, 0, 0),
(806, 12012, 2, 15, 0, 0, 0, 0, 0),
(807, 12012, 2, 16, 0, 0, 0, 0, 0),
(808, 12012, 2, 17, 0, 0, 0, 0, 0),
(809, 12012, 2, 18, 0, 0, 0, 0, 0),
(810, 12012, 2, 19, 0, 0, 0, 0, 0),
(811, 12012, 2, 20, 0, 0, 0, 0, 0),
(812, 12012, 2, 21, 0, 0, 0, 0, 0),
(813, 12012, 2, 22, 0, 0, 0, 0, 0),
(814, 12012, 2, 23, 0, 0, 0, 0, 0),
(815, 12012, 2, 24, 0, 0, 0, 0, 0),
(816, 12012, 2, 25, 0, 0, 0, 0, 0),
(817, 12013, 2, 2, 0.5, 50, 1187040, 50, 1200000),
(818, 12013, 2, 3, 0.5, 50, 1187040, 50, 1200000),
(819, 12013, 2, 4, 0, 0, 0, 0, 0),
(820, 12013, 2, 5, 0, 0, 0, 0, 0),
(821, 12013, 2, 6, 0, 0, 0, 0, 0),
(822, 12013, 2, 7, 1, 100, 1187050, 100, 1200000),
(823, 12013, 2, 8, 0.5, 50, 593525, 50, 600000),
(824, 12013, 2, 9, 0.5, 50, 593525, 50, 600000),
(825, 12013, 2, 10, 0.142857, 14, 118705, 14, 112000),
(826, 12013, 2, 11, 0.142857, 14, 118705, 14, 112000),
(827, 12013, 2, 12, 0.142857, 14, 118705, 14, 112000),
(828, 12013, 2, 13, 0.142857, 14, 118705, 14, 112000),
(829, 12013, 2, 14, 0, 0, 0, 0, 0),
(830, 12013, 2, 15, 0.142857, 14, 118705, 14, 112000),
(831, 12013, 2, 16, 0.142857, 14, 118705, 14, 112000),
(832, 12013, 2, 17, 0.142857, 14, 118705, 14, 112000),
(833, 12013, 2, 18, 0.2, 20, 237410, 20, 240000),
(834, 12013, 2, 19, 0.2, 20, 237410, 20, 240000),
(835, 12013, 2, 20, 0.2, 20, 237410, 20, 240000),
(836, 12013, 2, 21, 0.2, 20, 237410, 20, 240000),
(837, 12013, 2, 22, 0.2, 20, 237410, 20, 240000),
(838, 12013, 2, 23, 1, 100, 1187050, 100, 1200000),
(839, 12013, 2, 24, 0, 0, 0, 0, 0),
(840, 12013, 2, 25, 0, 0, 0, 0, 0),
(841, 12014, 2, 2, 0, 0, 0, 0, 0),
(842, 12014, 2, 3, 0, 0, 0, 0, 0),
(843, 12014, 2, 4, 0, 0, 0, 0, 0),
(844, 12014, 2, 5, 0, 0, 0, 0, 0),
(845, 12014, 2, 6, 0, 0, 0, 0, 0),
(846, 12014, 2, 7, 0, 0, 0, 0, 0),
(847, 12014, 2, 8, 0, 0, 0, 0, 0),
(848, 12014, 2, 9, 0, 0, 0, 0, 0),
(849, 12014, 2, 10, 0, 0, 0, 0, 0),
(850, 12014, 2, 11, 0, 0, 0, 0, 0),
(851, 12014, 2, 12, 0, 0, 0, 0, 0),
(852, 12014, 2, 13, 0, 0, 0, 0, 0),
(853, 12014, 2, 14, 0, 0, 0, 0, 0),
(854, 12014, 2, 15, 0, 0, 0, 0, 0),
(855, 12014, 2, 16, 0, 0, 0, 0, 0),
(856, 12014, 2, 17, 0, 0, 0, 0, 0),
(857, 12014, 2, 18, 0, 0, 0, 0, 0),
(858, 12014, 2, 19, 0, 0, 0, 0, 0),
(859, 12014, 2, 20, 0, 0, 0, 0, 0),
(860, 12014, 2, 21, 0, 0, 0, 0, 0),
(861, 12014, 2, 22, 0, 0, 0, 0, 0),
(862, 12014, 2, 23, 0, 0, 0, 0, 0),
(863, 12014, 2, 24, 0, 0, 0, 0, 0),
(864, 12014, 2, 25, 0, 0, 0, 0, 0),
(865, 12015, 2, 2, 0, 0, 0, 0, 0),
(866, 12015, 2, 3, 0, 0, 0, 0, 0),
(867, 12015, 2, 4, 0, 0, 0, 0, 0),
(868, 12015, 2, 5, 0, 0, 0, 0, 0),
(869, 12015, 2, 6, 0, 0, 0, 0, 0),
(870, 12015, 2, 7, 0, 0, 0, 0, 0),
(871, 12015, 2, 8, 0, 0, 0, 0, 0),
(872, 12015, 2, 9, 0, 0, 0, 0, 0),
(873, 12015, 2, 10, 0, 0, 0, 0, 0),
(874, 12015, 2, 11, 0, 0, 0, 0, 0),
(875, 12015, 2, 12, 0, 0, 0, 0, 0),
(876, 12015, 2, 13, 0, 0, 0, 0, 0),
(877, 12015, 2, 14, 0, 0, 0, 0, 0),
(878, 12015, 2, 15, 0, 0, 0, 0, 0),
(879, 12015, 2, 16, 0, 0, 0, 0, 0),
(880, 12015, 2, 17, 0, 0, 0, 0, 0),
(881, 12015, 2, 18, 0, 0, 0, 0, 0),
(882, 12015, 2, 19, 0, 0, 0, 0, 0),
(883, 12015, 2, 20, 0, 0, 0, 0, 0),
(884, 12015, 2, 21, 0, 0, 0, 0, 0),
(885, 12015, 2, 22, 0, 0, 0, 0, 0),
(886, 12015, 2, 23, 0, 0, 0, 0, 0),
(887, 12015, 2, 24, 0, 0, 0, 0, 0),
(888, 12015, 2, 25, 0, 0, 0, 0, 0),
(889, 12016, 2, 2, 0, 0, 0, 0, 0),
(890, 12016, 2, 3, 0, 0, 0, 0, 0),
(891, 12016, 2, 4, 0, 0, 0, 0, 0),
(892, 12016, 2, 5, 0, 0, 0, 0, 0),
(893, 12016, 2, 6, 0, 0, 0, 0, 0),
(894, 12016, 2, 7, 0, 0, 0, 0, 0),
(895, 12016, 2, 8, 0, 0, 0, 0, 0),
(896, 12016, 2, 9, 0, 0, 0, 0, 0),
(897, 12016, 2, 10, 0, 0, 0, 0, 0),
(898, 12016, 2, 11, 0, 0, 0, 0, 0),
(899, 12016, 2, 12, 0, 0, 0, 0, 0),
(900, 12016, 2, 13, 0, 0, 0, 0, 0),
(901, 12016, 2, 14, 0, 0, 0, 0, 0),
(902, 12016, 2, 15, 0, 0, 0, 0, 0),
(903, 12016, 2, 16, 0, 0, 0, 0, 0),
(904, 12016, 2, 17, 0, 0, 0, 0, 0),
(905, 12016, 2, 18, 0, 0, 0, 0, 0),
(906, 12016, 2, 19, 0, 0, 0, 0, 0),
(907, 12016, 2, 20, 0, 0, 0, 0, 0),
(908, 12016, 2, 21, 0, 0, 0, 0, 0),
(909, 12016, 2, 22, 0, 0, 0, 0, 0),
(910, 12016, 2, 23, 0, 0, 0, 0, 0),
(911, 12016, 2, 24, 0, 0, 0, 0, 0),
(912, 12016, 2, 25, 0, 0, 0, 0, 0),
(913, 12017, 2, 2, 0, 0, 0, 0, 0),
(914, 12017, 2, 3, 0, 0, 0, 0, 0),
(915, 12017, 2, 4, 0, 0, 0, 0, 0),
(916, 12017, 2, 5, 0, 0, 0, 0, 0),
(917, 12017, 2, 6, 0, 0, 0, 0, 0),
(918, 12017, 2, 7, 0, 0, 0, 0, 0),
(919, 12017, 2, 8, 0, 0, 0, 0, 0),
(920, 12017, 2, 9, 0, 0, 0, 0, 0),
(921, 12017, 2, 10, 0, 0, 0, 0, 0),
(922, 12017, 2, 11, 0, 0, 0, 0, 0),
(923, 12017, 2, 12, 0, 0, 0, 0, 0),
(924, 12017, 2, 13, 0, 0, 0, 0, 0),
(925, 12017, 2, 14, 0, 0, 0, 0, 0),
(926, 12017, 2, 15, 0, 0, 0, 0, 0),
(927, 12017, 2, 16, 0, 0, 0, 0, 0),
(928, 12017, 2, 17, 0, 0, 0, 0, 0),
(929, 12017, 2, 18, 0, 0, 0, 0, 0),
(930, 12017, 2, 19, 0, 0, 0, 0, 0),
(931, 12017, 2, 20, 0, 0, 0, 0, 0),
(932, 12017, 2, 21, 0, 0, 0, 0, 0),
(933, 12017, 2, 22, 0, 0, 0, 0, 0),
(934, 12017, 2, 23, 0, 0, 0, 0, 0),
(935, 12017, 2, 24, 0, 0, 0, 0, 0),
(936, 12017, 2, 25, 0, 0, 0, 0, 0),
(937, 22012, 2, 2, 0, 0, 0, 0, 0),
(938, 22012, 2, 3, 0, 0, 0, 0, 0),
(939, 22012, 2, 4, 0, 0, 0, 0, 0),
(940, 22012, 2, 5, 0, 0, 0, 0, 0),
(941, 22012, 2, 6, 0, 0, 0, 0, 0),
(942, 22012, 2, 7, 0, 0, 0, 0, 0),
(943, 22012, 2, 8, 0, 0, 0, 0, 0),
(944, 22012, 2, 9, 0, 0, 0, 0, 0),
(945, 22012, 2, 10, 0, 0, 0, 0, 0),
(946, 22012, 2, 11, 0, 0, 0, 0, 0),
(947, 22012, 2, 12, 0, 0, 0, 0, 0),
(948, 22012, 2, 13, 0, 0, 0, 0, 0),
(949, 22012, 2, 14, 0, 0, 0, 0, 0),
(950, 22012, 2, 15, 0, 0, 0, 0, 0),
(951, 22012, 2, 16, 0, 0, 0, 0, 0),
(952, 22012, 2, 17, 0, 0, 0, 0, 0),
(953, 22012, 2, 18, 0, 0, 0, 0, 0),
(954, 22012, 2, 19, 0, 0, 0, 0, 0),
(955, 22012, 2, 20, 0, 0, 0, 0, 0),
(956, 22012, 2, 21, 0, 0, 0, 0, 0),
(957, 22012, 2, 22, 0, 0, 0, 0, 0),
(958, 22012, 2, 23, 0, 0, 0, 0, 0),
(959, 22012, 2, 24, 0, 0, 0, 0, 0),
(960, 22012, 2, 25, 0, 0, 0, 0, 0),
(961, 22013, 2, 2, 0, 0, 0, 0, 0),
(962, 22013, 2, 3, 0, 0, 0, 0, 0),
(963, 22013, 2, 4, 0, 0, 0, 0, 0),
(964, 22013, 2, 5, 0, 0, 0, 0, 0),
(965, 22013, 2, 6, 0, 0, 0, 0, 0),
(966, 22013, 2, 7, 0, 0, 0, 0, 0),
(967, 22013, 2, 8, 0, 0, 0, 0, 0),
(968, 22013, 2, 9, 0, 0, 0, 0, 0),
(969, 22013, 2, 10, 0, 0, 0, 0, 0),
(970, 22013, 2, 11, 0, 0, 0, 0, 0),
(971, 22013, 2, 12, 0, 0, 0, 0, 0),
(972, 22013, 2, 13, 0, 0, 0, 0, 0),
(973, 22013, 2, 14, 0, 0, 0, 0, 0),
(974, 22013, 2, 15, 0, 0, 0, 0, 0),
(975, 22013, 2, 16, 0, 0, 0, 0, 0),
(976, 22013, 2, 17, 0, 0, 0, 0, 0),
(977, 22013, 2, 18, 0, 0, 0, 0, 0),
(978, 22013, 2, 19, 0, 0, 0, 0, 0),
(979, 22013, 2, 20, 0, 0, 0, 0, 0),
(980, 22013, 2, 21, 0, 0, 0, 0, 0),
(981, 22013, 2, 22, 0, 0, 0, 0, 0),
(982, 22013, 2, 23, 0, 0, 0, 0, 0),
(983, 22013, 2, 24, 0, 0, 0, 0, 0),
(984, 22013, 2, 25, 0, 0, 0, 0, 0),
(985, 22014, 2, 2, 0, 0, 0, 0, 0),
(986, 22014, 2, 3, 0, 0, 0, 0, 0),
(987, 22014, 2, 4, 0, 0, 0, 0, 0),
(988, 22014, 2, 5, 0, 0, 0, 0, 0),
(989, 22014, 2, 6, 0, 0, 0, 0, 0),
(990, 22014, 2, 7, 0, 0, 0, 0, 0),
(991, 22014, 2, 8, 0, 0, 0, 0, 0),
(992, 22014, 2, 9, 0, 0, 0, 0, 0),
(993, 22014, 2, 10, 0, 0, 0, 0, 0),
(994, 22014, 2, 11, 0, 0, 0, 0, 0),
(995, 22014, 2, 12, 0, 0, 0, 0, 0),
(996, 22014, 2, 13, 0, 0, 0, 0, 0),
(997, 22014, 2, 14, 0, 0, 0, 0, 0),
(998, 22014, 2, 15, 0, 0, 0, 0, 0),
(999, 22014, 2, 16, 0, 0, 0, 0, 0),
(1000, 22014, 2, 17, 0, 0, 0, 0, 0),
(1001, 22014, 2, 18, 0, 0, 0, 0, 0),
(1002, 22014, 2, 19, 0, 0, 0, 0, 0),
(1003, 22014, 2, 20, 0, 0, 0, 0, 0),
(1004, 22014, 2, 21, 0, 0, 0, 0, 0),
(1005, 22014, 2, 22, 0, 0, 0, 0, 0),
(1006, 22014, 2, 23, 0, 0, 0, 0, 0),
(1007, 22014, 2, 24, 0, 0, 0, 0, 0),
(1008, 22014, 2, 25, 0, 0, 0, 0, 0),
(1009, 22015, 2, 2, 0, 0, 0, 0, 0),
(1010, 22015, 2, 3, 0, 0, 0, 0, 0),
(1011, 22015, 2, 4, 0, 0, 0, 0, 0),
(1012, 22015, 2, 5, 0, 0, 0, 0, 0),
(1013, 22015, 2, 6, 0, 0, 0, 0, 0),
(1014, 22015, 2, 7, 0, 0, 0, 0, 0),
(1015, 22015, 2, 8, 0, 0, 0, 0, 0),
(1016, 22015, 2, 9, 0, 0, 0, 0, 0),
(1017, 22015, 2, 10, 0, 0, 0, 0, 0),
(1018, 22015, 2, 11, 0, 0, 0, 0, 0),
(1019, 22015, 2, 12, 0, 0, 0, 0, 0),
(1020, 22015, 2, 13, 0, 0, 0, 0, 0),
(1021, 22015, 2, 14, 0, 0, 0, 0, 0),
(1022, 22015, 2, 15, 0, 0, 0, 0, 0),
(1023, 22015, 2, 16, 0, 0, 0, 0, 0),
(1024, 22015, 2, 17, 0, 0, 0, 0, 0),
(1025, 22015, 2, 18, 0, 0, 0, 0, 0),
(1026, 22015, 2, 19, 0, 0, 0, 0, 0),
(1027, 22015, 2, 20, 0, 0, 0, 0, 0),
(1028, 22015, 2, 21, 0, 0, 0, 0, 0),
(1029, 22015, 2, 22, 0, 0, 0, 0, 0),
(1030, 22015, 2, 23, 0, 0, 0, 0, 0),
(1031, 22015, 2, 24, 0, 0, 0, 0, 0),
(1032, 22015, 2, 25, 0, 0, 0, 0, 0),
(1033, 22016, 2, 2, 0, 0, 0, 0, 0),
(1034, 22016, 2, 3, 0, 0, 0, 0, 0),
(1035, 22016, 2, 4, 0, 0, 0, 0, 0),
(1036, 22016, 2, 5, 0, 0, 0, 0, 0),
(1037, 22016, 2, 6, 0, 0, 0, 0, 0),
(1038, 22016, 2, 7, 0, 0, 0, 0, 0),
(1039, 22016, 2, 8, 0, 0, 0, 0, 0),
(1040, 22016, 2, 9, 0, 0, 0, 0, 0),
(1041, 22016, 2, 10, 0, 0, 0, 0, 0),
(1042, 22016, 2, 11, 0, 0, 0, 0, 0),
(1043, 22016, 2, 12, 0, 0, 0, 0, 0),
(1044, 22016, 2, 13, 0, 0, 0, 0, 0),
(1045, 22016, 2, 14, 0, 0, 0, 0, 0),
(1046, 22016, 2, 15, 0, 0, 0, 0, 0),
(1047, 22016, 2, 16, 0, 0, 0, 0, 0),
(1048, 22016, 2, 17, 0, 0, 0, 0, 0),
(1049, 22016, 2, 18, 0, 0, 0, 0, 0),
(1050, 22016, 2, 19, 0, 0, 0, 0, 0),
(1051, 22016, 2, 20, 0, 0, 0, 0, 0),
(1052, 22016, 2, 21, 0, 0, 0, 0, 0),
(1053, 22016, 2, 22, 0, 0, 0, 0, 0),
(1054, 22016, 2, 23, 0, 0, 0, 0, 0),
(1055, 22016, 2, 24, 0, 0, 0, 0, 0),
(1056, 22016, 2, 25, 0, 0, 0, 0, 0),
(1057, 22017, 2, 2, 0, 0, 0, 0, 0),
(1058, 22017, 2, 3, 0, 0, 0, 0, 0),
(1059, 22017, 2, 4, 0, 0, 0, 0, 0),
(1060, 22017, 2, 5, 0, 0, 0, 0, 0),
(1061, 22017, 2, 6, 0, 0, 0, 0, 0),
(1062, 22017, 2, 7, 0, 0, 0, 0, 0),
(1063, 22017, 2, 8, 0, 0, 0, 0, 0),
(1064, 22017, 2, 9, 0, 0, 0, 0, 0),
(1065, 22017, 2, 10, 0, 0, 0, 0, 0),
(1066, 22017, 2, 11, 0, 0, 0, 0, 0),
(1067, 22017, 2, 12, 0, 0, 0, 0, 0),
(1068, 22017, 2, 13, 0, 0, 0, 0, 0),
(1069, 22017, 2, 14, 0, 0, 0, 0, 0),
(1070, 22017, 2, 15, 0, 0, 0, 0, 0),
(1071, 22017, 2, 16, 0, 0, 0, 0, 0),
(1072, 22017, 2, 17, 0, 0, 0, 0, 0),
(1073, 22017, 2, 18, 0, 0, 0, 0, 0),
(1074, 22017, 2, 19, 0, 0, 0, 0, 0),
(1075, 22017, 2, 20, 0, 0, 0, 0, 0),
(1076, 22017, 2, 21, 0, 0, 0, 0, 0),
(1077, 22017, 2, 22, 0, 0, 0, 0, 0),
(1078, 22017, 2, 23, 0, 0, 0, 0, 0),
(1079, 22017, 2, 24, 0, 0, 0, 0, 0),
(1080, 22017, 2, 25, 0, 0, 0, 0, 0),
(1081, 32012, 2, 2, 0, 0, 0, 0, 0),
(1082, 32012, 2, 3, 0, 0, 0, 0, 0),
(1083, 32012, 2, 4, 0, 0, 0, 0, 0),
(1084, 32012, 2, 5, 0, 0, 0, 0, 0),
(1085, 32012, 2, 6, 0, 0, 0, 0, 0),
(1086, 32012, 2, 7, 0, 0, 0, 0, 0),
(1087, 32012, 2, 8, 0, 0, 0, 0, 0),
(1088, 32012, 2, 9, 0, 0, 0, 0, 0),
(1089, 32012, 2, 10, 0, 0, 0, 0, 0),
(1090, 32012, 2, 11, 0, 0, 0, 0, 0),
(1091, 32012, 2, 12, 0, 0, 0, 0, 0),
(1092, 32012, 2, 13, 0, 0, 0, 0, 0),
(1093, 32012, 2, 14, 0, 0, 0, 0, 0),
(1094, 32012, 2, 15, 0, 0, 0, 0, 0),
(1095, 32012, 2, 16, 0, 0, 0, 0, 0),
(1096, 32012, 2, 17, 0, 0, 0, 0, 0),
(1097, 32012, 2, 18, 0, 0, 0, 0, 0),
(1098, 32012, 2, 19, 0, 0, 0, 0, 0),
(1099, 32012, 2, 20, 0, 0, 0, 0, 0),
(1100, 32012, 2, 21, 0, 0, 0, 0, 0),
(1101, 32012, 2, 22, 0, 0, 0, 0, 0),
(1102, 32012, 2, 23, 0, 0, 0, 0, 0),
(1103, 32012, 2, 24, 0, 0, 0, 0, 0),
(1104, 32012, 2, 25, 0, 0, 0, 0, 0),
(1105, 32013, 2, 2, 0, 0, 0, 0, 0),
(1106, 32013, 2, 3, 0, 0, 0, 0, 0),
(1107, 32013, 2, 4, 0, 0, 0, 0, 0),
(1108, 32013, 2, 5, 0, 0, 0, 0, 0),
(1109, 32013, 2, 6, 0, 0, 0, 0, 0),
(1110, 32013, 2, 7, 0, 0, 0, 0, 0),
(1111, 32013, 2, 8, 0, 0, 0, 0, 0),
(1112, 32013, 2, 9, 0, 0, 0, 0, 0),
(1113, 32013, 2, 10, 0, 0, 0, 0, 0),
(1114, 32013, 2, 11, 0, 0, 0, 0, 0),
(1115, 32013, 2, 12, 0, 0, 0, 0, 0),
(1116, 32013, 2, 13, 0, 0, 0, 0, 0),
(1117, 32013, 2, 14, 0, 0, 0, 0, 0),
(1118, 32013, 2, 15, 0, 0, 0, 0, 0),
(1119, 32013, 2, 16, 0, 0, 0, 0, 0),
(1120, 32013, 2, 17, 0, 0, 0, 0, 0),
(1121, 32013, 2, 18, 0, 0, 0, 0, 0),
(1122, 32013, 2, 19, 0, 0, 0, 0, 0),
(1123, 32013, 2, 20, 0, 0, 0, 0, 0),
(1124, 32013, 2, 21, 0, 0, 0, 0, 0),
(1125, 32013, 2, 22, 0, 0, 0, 0, 0),
(1126, 32013, 2, 23, 0, 0, 0, 0, 0),
(1127, 32013, 2, 24, 0, 0, 0, 0, 0),
(1128, 32013, 2, 25, 0, 0, 0, 0, 0),
(1129, 32014, 2, 2, 0, 0, 0, 0, 0),
(1130, 32014, 2, 3, 0, 0, 0, 0, 0),
(1131, 32014, 2, 4, 0, 0, 0, 0, 0),
(1132, 32014, 2, 5, 0, 0, 0, 0, 0),
(1133, 32014, 2, 6, 0, 0, 0, 0, 0),
(1134, 32014, 2, 7, 0, 0, 0, 0, 0),
(1135, 32014, 2, 8, 0, 0, 0, 0, 0),
(1136, 32014, 2, 9, 0, 0, 0, 0, 0),
(1137, 32014, 2, 10, 0, 0, 0, 0, 0),
(1138, 32014, 2, 11, 0, 0, 0, 0, 0),
(1139, 32014, 2, 12, 0, 0, 0, 0, 0),
(1140, 32014, 2, 13, 0, 0, 0, 0, 0),
(1141, 32014, 2, 14, 0, 0, 0, 0, 0),
(1142, 32014, 2, 15, 0, 0, 0, 0, 0),
(1143, 32014, 2, 16, 0, 0, 0, 0, 0),
(1144, 32014, 2, 17, 0, 0, 0, 0, 0),
(1145, 32014, 2, 18, 0, 0, 0, 0, 0),
(1146, 32014, 2, 19, 0, 0, 0, 0, 0),
(1147, 32014, 2, 20, 0, 0, 0, 0, 0),
(1148, 32014, 2, 21, 0, 0, 0, 0, 0),
(1149, 32014, 2, 22, 0, 0, 0, 0, 0),
(1150, 32014, 2, 23, 0, 0, 0, 0, 0),
(1151, 32014, 2, 24, 0, 0, 0, 0, 0),
(1152, 32014, 2, 25, 0, 0, 0, 0, 0),
(1153, 32015, 2, 2, 0, 0, 0, 0, 0),
(1154, 32015, 2, 3, 0, 0, 0, 0, 0),
(1155, 32015, 2, 4, 0, 0, 0, 0, 0),
(1156, 32015, 2, 5, 0, 0, 0, 0, 0),
(1157, 32015, 2, 6, 0, 0, 0, 0, 0),
(1158, 32015, 2, 7, 0, 0, 0, 0, 0),
(1159, 32015, 2, 8, 0, 0, 0, 0, 0),
(1160, 32015, 2, 9, 0, 0, 0, 0, 0),
(1161, 32015, 2, 10, 0, 0, 0, 0, 0),
(1162, 32015, 2, 11, 0, 0, 0, 0, 0),
(1163, 32015, 2, 12, 0, 0, 0, 0, 0),
(1164, 32015, 2, 13, 0, 0, 0, 0, 0),
(1165, 32015, 2, 14, 0, 0, 0, 0, 0),
(1166, 32015, 2, 15, 0, 0, 0, 0, 0),
(1167, 32015, 2, 16, 0, 0, 0, 0, 0),
(1168, 32015, 2, 17, 0, 0, 0, 0, 0),
(1169, 32015, 2, 18, 0, 0, 0, 0, 0),
(1170, 32015, 2, 19, 0, 0, 0, 0, 0),
(1171, 32015, 2, 20, 0, 0, 0, 0, 0),
(1172, 32015, 2, 21, 0, 0, 0, 0, 0),
(1173, 32015, 2, 22, 0, 0, 0, 0, 0),
(1174, 32015, 2, 23, 0, 0, 0, 0, 0),
(1175, 32015, 2, 24, 0, 0, 0, 0, 0),
(1176, 32015, 2, 25, 0, 0, 0, 0, 0),
(1177, 32016, 2, 2, 0, 0, 0, 0, 0),
(1178, 32016, 2, 3, 0, 0, 0, 0, 0),
(1179, 32016, 2, 4, 0, 0, 0, 0, 0),
(1180, 32016, 2, 5, 0, 0, 0, 0, 0),
(1181, 32016, 2, 6, 0, 0, 0, 0, 0),
(1182, 32016, 2, 7, 0, 0, 0, 0, 0),
(1183, 32016, 2, 8, 0, 0, 0, 0, 0),
(1184, 32016, 2, 9, 0, 0, 0, 0, 0),
(1185, 32016, 2, 10, 0, 0, 0, 0, 0),
(1186, 32016, 2, 11, 0, 0, 0, 0, 0),
(1187, 32016, 2, 12, 0, 0, 0, 0, 0),
(1188, 32016, 2, 13, 0, 0, 0, 0, 0),
(1189, 32016, 2, 14, 0, 0, 0, 0, 0),
(1190, 32016, 2, 15, 0, 0, 0, 0, 0),
(1191, 32016, 2, 16, 0, 0, 0, 0, 0),
(1192, 32016, 2, 17, 0, 0, 0, 0, 0),
(1193, 32016, 2, 18, 0, 0, 0, 0, 0),
(1194, 32016, 2, 19, 0, 0, 0, 0, 0),
(1195, 32016, 2, 20, 0, 0, 0, 0, 0),
(1196, 32016, 2, 21, 0, 0, 0, 0, 0),
(1197, 32016, 2, 22, 0, 0, 0, 0, 0),
(1198, 32016, 2, 23, 0, 0, 0, 0, 0),
(1199, 32016, 2, 24, 0, 0, 0, 0, 0),
(1200, 32016, 2, 25, 0, 0, 0, 0, 0),
(1201, 32017, 2, 2, 0, 0, 0, 0, 0),
(1202, 32017, 2, 3, 0, 0, 0, 0, 0),
(1203, 32017, 2, 4, 0, 0, 0, 0, 0),
(1204, 32017, 2, 5, 0, 0, 0, 0, 0),
(1205, 32017, 2, 6, 0, 0, 0, 0, 0),
(1206, 32017, 2, 7, 0, 0, 0, 0, 0),
(1207, 32017, 2, 8, 0, 0, 0, 0, 0),
(1208, 32017, 2, 9, 0, 0, 0, 0, 0),
(1209, 32017, 2, 10, 0, 0, 0, 0, 0),
(1210, 32017, 2, 11, 0, 0, 0, 0, 0),
(1211, 32017, 2, 12, 0, 0, 0, 0, 0),
(1212, 32017, 2, 13, 0, 0, 0, 0, 0),
(1213, 32017, 2, 14, 0, 0, 0, 0, 0),
(1214, 32017, 2, 15, 0, 0, 0, 0, 0),
(1215, 32017, 2, 16, 0, 0, 0, 0, 0),
(1216, 32017, 2, 17, 0, 0, 0, 0, 0),
(1217, 32017, 2, 18, 0, 0, 0, 0, 0),
(1218, 32017, 2, 19, 0, 0, 0, 0, 0),
(1219, 32017, 2, 20, 0, 0, 0, 0, 0),
(1220, 32017, 2, 21, 0, 0, 0, 0, 0),
(1221, 32017, 2, 22, 0, 0, 0, 0, 0),
(1222, 32017, 2, 23, 0, 0, 0, 0, 0),
(1223, 32017, 2, 24, 0, 0, 0, 0, 0),
(1224, 32017, 2, 25, 0, 0, 0, 0, 0),
(1225, 42012, 2, 2, 0, 0, 0, 0, 0),
(1226, 42012, 2, 3, 0, 0, 0, 0, 0),
(1227, 42012, 2, 4, 0, 0, 0, 0, 0),
(1228, 42012, 2, 5, 0, 0, 0, 0, 0),
(1229, 42012, 2, 6, 0, 0, 0, 0, 0),
(1230, 42012, 2, 7, 0, 0, 0, 0, 0),
(1231, 42012, 2, 8, 0, 0, 0, 0, 0),
(1232, 42012, 2, 9, 0, 0, 0, 0, 0),
(1233, 42012, 2, 10, 0, 0, 0, 0, 0),
(1234, 42012, 2, 11, 0, 0, 0, 0, 0),
(1235, 42012, 2, 12, 0, 0, 0, 0, 0),
(1236, 42012, 2, 13, 0, 0, 0, 0, 0),
(1237, 42012, 2, 14, 0, 0, 0, 0, 0),
(1238, 42012, 2, 15, 0, 0, 0, 0, 0),
(1239, 42012, 2, 16, 0, 0, 0, 0, 0),
(1240, 42012, 2, 17, 0, 0, 0, 0, 0),
(1241, 42012, 2, 18, 0, 0, 0, 0, 0),
(1242, 42012, 2, 19, 0, 0, 0, 0, 0),
(1243, 42012, 2, 20, 0, 0, 0, 0, 0),
(1244, 42012, 2, 21, 0, 0, 0, 0, 0),
(1245, 42012, 2, 22, 0, 0, 0, 0, 0),
(1246, 42012, 2, 23, 0, 0, 0, 0, 0),
(1247, 42012, 2, 24, 0, 0, 0, 0, 0),
(1248, 42012, 2, 25, 0, 0, 0, 0, 0),
(1249, 42013, 2, 2, 0, 0, 0, 0, 0),
(1250, 42013, 2, 3, 0, 0, 0, 0, 0),
(1251, 42013, 2, 4, 0, 0, 0, 0, 0),
(1252, 42013, 2, 5, 0, 0, 0, 0, 0),
(1253, 42013, 2, 6, 0, 0, 0, 0, 0),
(1254, 42013, 2, 7, 0, 0, 0, 0, 0),
(1255, 42013, 2, 8, 0, 0, 0, 0, 0),
(1256, 42013, 2, 9, 0, 0, 0, 0, 0),
(1257, 42013, 2, 10, 0, 0, 0, 0, 0),
(1258, 42013, 2, 11, 0, 0, 0, 0, 0),
(1259, 42013, 2, 12, 0, 0, 0, 0, 0),
(1260, 42013, 2, 13, 0, 0, 0, 0, 0),
(1261, 42013, 2, 14, 0, 0, 0, 0, 0),
(1262, 42013, 2, 15, 0, 0, 0, 0, 0),
(1263, 42013, 2, 16, 0, 0, 0, 0, 0),
(1264, 42013, 2, 17, 0, 0, 0, 0, 0),
(1265, 42013, 2, 18, 0, 0, 0, 0, 0),
(1266, 42013, 2, 19, 0, 0, 0, 0, 0),
(1267, 42013, 2, 20, 0, 0, 0, 0, 0),
(1268, 42013, 2, 21, 0, 0, 0, 0, 0),
(1269, 42013, 2, 22, 0, 0, 0, 0, 0),
(1270, 42013, 2, 23, 0, 0, 0, 0, 0),
(1271, 42013, 2, 24, 0, 0, 0, 0, 0),
(1272, 42013, 2, 25, 0, 0, 0, 0, 0),
(1273, 42014, 2, 2, 0, 0, 0, 0, 0),
(1274, 42014, 2, 3, 0, 0, 0, 0, 0),
(1275, 42014, 2, 4, 0, 0, 0, 0, 0),
(1276, 42014, 2, 5, 0, 0, 0, 0, 0),
(1277, 42014, 2, 6, 0, 0, 0, 0, 0),
(1278, 42014, 2, 7, 0, 0, 0, 0, 0),
(1279, 42014, 2, 8, 0, 0, 0, 0, 0),
(1280, 42014, 2, 9, 0, 0, 0, 0, 0),
(1281, 42014, 2, 10, 0, 0, 0, 0, 0),
(1282, 42014, 2, 11, 0, 0, 0, 0, 0),
(1283, 42014, 2, 12, 0, 0, 0, 0, 0),
(1284, 42014, 2, 13, 0, 0, 0, 0, 0),
(1285, 42014, 2, 14, 0, 0, 0, 0, 0),
(1286, 42014, 2, 15, 0, 0, 0, 0, 0),
(1287, 42014, 2, 16, 0, 0, 0, 0, 0),
(1288, 42014, 2, 17, 0, 0, 0, 0, 0),
(1289, 42014, 2, 18, 0, 0, 0, 0, 0),
(1290, 42014, 2, 19, 0, 0, 0, 0, 0),
(1291, 42014, 2, 20, 0, 0, 0, 0, 0),
(1292, 42014, 2, 21, 0, 0, 0, 0, 0),
(1293, 42014, 2, 22, 0, 0, 0, 0, 0),
(1294, 42014, 2, 23, 0, 0, 0, 0, 0),
(1295, 42014, 2, 24, 0, 0, 0, 0, 0),
(1296, 42014, 2, 25, 0, 0, 0, 0, 0),
(1297, 42015, 2, 2, 0, 0, 0, 0, 0),
(1298, 42015, 2, 3, 0, 0, 0, 0, 0),
(1299, 42015, 2, 4, 0, 0, 0, 0, 0),
(1300, 42015, 2, 5, 0, 0, 0, 0, 0),
(1301, 42015, 2, 6, 0, 0, 0, 0, 0),
(1302, 42015, 2, 7, 0, 0, 0, 0, 0),
(1303, 42015, 2, 8, 0, 0, 0, 0, 0),
(1304, 42015, 2, 9, 0, 0, 0, 0, 0),
(1305, 42015, 2, 10, 0, 0, 0, 0, 0),
(1306, 42015, 2, 11, 0, 0, 0, 0, 0),
(1307, 42015, 2, 12, 0, 0, 0, 0, 0),
(1308, 42015, 2, 13, 0, 0, 0, 0, 0),
(1309, 42015, 2, 14, 0, 0, 0, 0, 0),
(1310, 42015, 2, 15, 0, 0, 0, 0, 0),
(1311, 42015, 2, 16, 0, 0, 0, 0, 0),
(1312, 42015, 2, 17, 0, 0, 0, 0, 0),
(1313, 42015, 2, 18, 0, 0, 0, 0, 0),
(1314, 42015, 2, 19, 0, 0, 0, 0, 0),
(1315, 42015, 2, 20, 0, 0, 0, 0, 0),
(1316, 42015, 2, 21, 0, 0, 0, 0, 0),
(1317, 42015, 2, 22, 0, 0, 0, 0, 0),
(1318, 42015, 2, 23, 0, 0, 0, 0, 0),
(1319, 42015, 2, 24, 0, 0, 0, 0, 0),
(1320, 42015, 2, 25, 0, 0, 0, 0, 0),
(1321, 42016, 2, 2, 0, 0, 0, 0, 0),
(1322, 42016, 2, 3, 0, 0, 0, 0, 0),
(1323, 42016, 2, 4, 0, 0, 0, 0, 0),
(1324, 42016, 2, 5, 0, 0, 0, 0, 0),
(1325, 42016, 2, 6, 0, 0, 0, 0, 0),
(1326, 42016, 2, 7, 0, 0, 0, 0, 0),
(1327, 42016, 2, 8, 0, 0, 0, 0, 0),
(1328, 42016, 2, 9, 0, 0, 0, 0, 0),
(1329, 42016, 2, 10, 0, 0, 0, 0, 0),
(1330, 42016, 2, 11, 0, 0, 0, 0, 0),
(1331, 42016, 2, 12, 0, 0, 0, 0, 0),
(1332, 42016, 2, 13, 0, 0, 0, 0, 0),
(1333, 42016, 2, 14, 0, 0, 0, 0, 0),
(1334, 42016, 2, 15, 0, 0, 0, 0, 0),
(1335, 42016, 2, 16, 0, 0, 0, 0, 0),
(1336, 42016, 2, 17, 0, 0, 0, 0, 0),
(1337, 42016, 2, 18, 0, 0, 0, 0, 0),
(1338, 42016, 2, 19, 0, 0, 0, 0, 0),
(1339, 42016, 2, 20, 0, 0, 0, 0, 0),
(1340, 42016, 2, 21, 0, 0, 0, 0, 0),
(1341, 42016, 2, 22, 0, 0, 0, 0, 0),
(1342, 42016, 2, 23, 0, 0, 0, 0, 0),
(1343, 42016, 2, 24, 0, 0, 0, 0, 0),
(1344, 42016, 2, 25, 0, 0, 0, 0, 0),
(1345, 42017, 2, 2, 0, 0, 0, 0, 0),
(1346, 42017, 2, 3, 0, 0, 0, 0, 0),
(1347, 42017, 2, 4, 0, 0, 0, 0, 0),
(1348, 42017, 2, 5, 0, 0, 0, 0, 0),
(1349, 42017, 2, 6, 0, 0, 0, 0, 0),
(1350, 42017, 2, 7, 0, 0, 0, 0, 0),
(1351, 42017, 2, 8, 0, 0, 0, 0, 0),
(1352, 42017, 2, 9, 0, 0, 0, 0, 0),
(1353, 42017, 2, 10, 0, 0, 0, 0, 0),
(1354, 42017, 2, 11, 0, 0, 0, 0, 0),
(1355, 42017, 2, 12, 0, 0, 0, 0, 0),
(1356, 42017, 2, 13, 0, 0, 0, 0, 0),
(1357, 42017, 2, 14, 0, 0, 0, 0, 0),
(1358, 42017, 2, 15, 0, 0, 0, 0, 0),
(1359, 42017, 2, 16, 0, 0, 0, 0, 0),
(1360, 42017, 2, 17, 0, 0, 0, 0, 0),
(1361, 42017, 2, 18, 0, 0, 0, 0, 0),
(1362, 42017, 2, 19, 0, 0, 0, 0, 0),
(1363, 42017, 2, 20, 0, 0, 0, 0, 0),
(1364, 42017, 2, 21, 0, 0, 0, 0, 0),
(1365, 42017, 2, 22, 0, 0, 0, 0, 0),
(1366, 42017, 2, 23, 0, 0, 0, 0, 0),
(1367, 42017, 2, 24, 0, 0, 0, 0, 0),
(1368, 42017, 2, 25, 0, 0, 0, 0, 0),
(1369, 52012, 2, 2, 0, 0, 0, 0, 0),
(1370, 52012, 2, 3, 0, 0, 0, 0, 0),
(1371, 52012, 2, 4, 0, 0, 0, 0, 0),
(1372, 52012, 2, 5, 0, 0, 0, 0, 0),
(1373, 52012, 2, 6, 0, 0, 0, 0, 0),
(1374, 52012, 2, 7, 0, 0, 0, 0, 0),
(1375, 52012, 2, 8, 0, 0, 0, 0, 0),
(1376, 52012, 2, 9, 0, 0, 0, 0, 0),
(1377, 52012, 2, 10, 0, 0, 0, 0, 0),
(1378, 52012, 2, 11, 0, 0, 0, 0, 0),
(1379, 52012, 2, 12, 0, 0, 0, 0, 0),
(1380, 52012, 2, 13, 0, 0, 0, 0, 0),
(1381, 52012, 2, 14, 0, 0, 0, 0, 0),
(1382, 52012, 2, 15, 0, 0, 0, 0, 0),
(1383, 52012, 2, 16, 0, 0, 0, 0, 0),
(1384, 52012, 2, 17, 0, 0, 0, 0, 0),
(1385, 52012, 2, 18, 0, 0, 0, 0, 0),
(1386, 52012, 2, 19, 0, 0, 0, 0, 0),
(1387, 52012, 2, 20, 0, 0, 0, 0, 0),
(1388, 52012, 2, 21, 0, 0, 0, 0, 0),
(1389, 52012, 2, 22, 0, 0, 0, 0, 0),
(1390, 52012, 2, 23, 0, 0, 0, 0, 0),
(1391, 52012, 2, 24, 0, 0, 0, 0, 0),
(1392, 52012, 2, 25, 0, 0, 0, 0, 0),
(1393, 52013, 2, 2, 0, 0, 0, 0, 0),
(1394, 52013, 2, 3, 0, 0, 0, 0, 0),
(1395, 52013, 2, 4, 0, 0, 0, 0, 0),
(1396, 52013, 2, 5, 0, 0, 0, 0, 0),
(1397, 52013, 2, 6, 0, 0, 0, 0, 0),
(1398, 52013, 2, 7, 0, 0, 0, 0, 0),
(1399, 52013, 2, 8, 0, 0, 0, 0, 0),
(1400, 52013, 2, 9, 0, 0, 0, 0, 0),
(1401, 52013, 2, 10, 0, 0, 0, 0, 0),
(1402, 52013, 2, 11, 0, 0, 0, 0, 0),
(1403, 52013, 2, 12, 0, 0, 0, 0, 0),
(1404, 52013, 2, 13, 0, 0, 0, 0, 0),
(1405, 52013, 2, 14, 0, 0, 0, 0, 0),
(1406, 52013, 2, 15, 0, 0, 0, 0, 0),
(1407, 52013, 2, 16, 0, 0, 0, 0, 0),
(1408, 52013, 2, 17, 0, 0, 0, 0, 0),
(1409, 52013, 2, 18, 0, 0, 0, 0, 0),
(1410, 52013, 2, 19, 0, 0, 0, 0, 0),
(1411, 52013, 2, 20, 0, 0, 0, 0, 0),
(1412, 52013, 2, 21, 0, 0, 0, 0, 0),
(1413, 52013, 2, 22, 0, 0, 0, 0, 0),
(1414, 52013, 2, 23, 0, 0, 0, 0, 0),
(1415, 52013, 2, 24, 0, 0, 0, 0, 0),
(1416, 52013, 2, 25, 0, 0, 0, 0, 0),
(1417, 52014, 2, 2, 0, 0, 0, 0, 0),
(1418, 52014, 2, 3, 0, 0, 0, 0, 0),
(1419, 52014, 2, 4, 0, 0, 0, 0, 0),
(1420, 52014, 2, 5, 0, 0, 0, 0, 0),
(1421, 52014, 2, 6, 0, 0, 0, 0, 0),
(1422, 52014, 2, 7, 0, 0, 0, 0, 0),
(1423, 52014, 2, 8, 0, 0, 0, 0, 0),
(1424, 52014, 2, 9, 0, 0, 0, 0, 0),
(1425, 52014, 2, 10, 0, 0, 0, 0, 0),
(1426, 52014, 2, 11, 0, 0, 0, 0, 0),
(1427, 52014, 2, 12, 0, 0, 0, 0, 0),
(1428, 52014, 2, 13, 0, 0, 0, 0, 0),
(1429, 52014, 2, 14, 0, 0, 0, 0, 0),
(1430, 52014, 2, 15, 0, 0, 0, 0, 0),
(1431, 52014, 2, 16, 0, 0, 0, 0, 0),
(1432, 52014, 2, 17, 0, 0, 0, 0, 0),
(1433, 52014, 2, 18, 0, 0, 0, 0, 0),
(1434, 52014, 2, 19, 0, 0, 0, 0, 0),
(1435, 52014, 2, 20, 0, 0, 0, 0, 0),
(1436, 52014, 2, 21, 0, 0, 0, 0, 0),
(1437, 52014, 2, 22, 0, 0, 0, 0, 0),
(1438, 52014, 2, 23, 0, 0, 0, 0, 0),
(1439, 52014, 2, 24, 0, 0, 0, 0, 0),
(1440, 52014, 2, 25, 0, 0, 0, 0, 0),
(1441, 52015, 2, 2, 0, 0, 0, 0, 0),
(1442, 52015, 2, 3, 0, 0, 0, 0, 0);
INSERT INTO `ahp` (`id`, `id_data_keu`, `tipe_prioritas`, `id_pengeluaran`, `prioritas`, `persentase`, `pengeluaran`, `persentase2`, `pengeluaran2`) VALUES
(1443, 52015, 2, 4, 0, 0, 0, 0, 0),
(1444, 52015, 2, 5, 0, 0, 0, 0, 0),
(1445, 52015, 2, 6, 0, 0, 0, 0, 0),
(1446, 52015, 2, 7, 0, 0, 0, 0, 0),
(1447, 52015, 2, 8, 0, 0, 0, 0, 0),
(1448, 52015, 2, 9, 0, 0, 0, 0, 0),
(1449, 52015, 2, 10, 0, 0, 0, 0, 0),
(1450, 52015, 2, 11, 0, 0, 0, 0, 0),
(1451, 52015, 2, 12, 0, 0, 0, 0, 0),
(1452, 52015, 2, 13, 0, 0, 0, 0, 0),
(1453, 52015, 2, 14, 0, 0, 0, 0, 0),
(1454, 52015, 2, 15, 0, 0, 0, 0, 0),
(1455, 52015, 2, 16, 0, 0, 0, 0, 0),
(1456, 52015, 2, 17, 0, 0, 0, 0, 0),
(1457, 52015, 2, 18, 0, 0, 0, 0, 0),
(1458, 52015, 2, 19, 0, 0, 0, 0, 0),
(1459, 52015, 2, 20, 0, 0, 0, 0, 0),
(1460, 52015, 2, 21, 0, 0, 0, 0, 0),
(1461, 52015, 2, 22, 0, 0, 0, 0, 0),
(1462, 52015, 2, 23, 0, 0, 0, 0, 0),
(1463, 52015, 2, 24, 0, 0, 0, 0, 0),
(1464, 52015, 2, 25, 0, 0, 0, 0, 0),
(1465, 52016, 2, 2, 0, 0, 0, 0, 0),
(1466, 52016, 2, 3, 0, 0, 0, 0, 0),
(1467, 52016, 2, 4, 0, 0, 0, 0, 0),
(1468, 52016, 2, 5, 0, 0, 0, 0, 0),
(1469, 52016, 2, 6, 0, 0, 0, 0, 0),
(1470, 52016, 2, 7, 0, 0, 0, 0, 0),
(1471, 52016, 2, 8, 0, 0, 0, 0, 0),
(1472, 52016, 2, 9, 0, 0, 0, 0, 0),
(1473, 52016, 2, 10, 0, 0, 0, 0, 0),
(1474, 52016, 2, 11, 0, 0, 0, 0, 0),
(1475, 52016, 2, 12, 0, 0, 0, 0, 0),
(1476, 52016, 2, 13, 0, 0, 0, 0, 0),
(1477, 52016, 2, 14, 0, 0, 0, 0, 0),
(1478, 52016, 2, 15, 0, 0, 0, 0, 0),
(1479, 52016, 2, 16, 0, 0, 0, 0, 0),
(1480, 52016, 2, 17, 0, 0, 0, 0, 0),
(1481, 52016, 2, 18, 0, 0, 0, 0, 0),
(1482, 52016, 2, 19, 0, 0, 0, 0, 0),
(1483, 52016, 2, 20, 0, 0, 0, 0, 0),
(1484, 52016, 2, 21, 0, 0, 0, 0, 0),
(1485, 52016, 2, 22, 0, 0, 0, 0, 0),
(1486, 52016, 2, 23, 0, 0, 0, 0, 0),
(1487, 52016, 2, 24, 0, 0, 0, 0, 0),
(1488, 52016, 2, 25, 0, 0, 0, 0, 0),
(1489, 52017, 2, 2, 0, 0, 0, 0, 0),
(1490, 52017, 2, 3, 0, 0, 0, 0, 0),
(1491, 52017, 2, 4, 0, 0, 0, 0, 0),
(1492, 52017, 2, 5, 0, 0, 0, 0, 0),
(1493, 52017, 2, 6, 0, 0, 0, 0, 0),
(1494, 52017, 2, 7, 0, 0, 0, 0, 0),
(1495, 52017, 2, 8, 0, 0, 0, 0, 0),
(1496, 52017, 2, 9, 0, 0, 0, 0, 0),
(1497, 52017, 2, 10, 0, 0, 0, 0, 0),
(1498, 52017, 2, 11, 0, 0, 0, 0, 0),
(1499, 52017, 2, 12, 0, 0, 0, 0, 0),
(1500, 52017, 2, 13, 0, 0, 0, 0, 0),
(1501, 52017, 2, 14, 0, 0, 0, 0, 0),
(1502, 52017, 2, 15, 0, 0, 0, 0, 0),
(1503, 52017, 2, 16, 0, 0, 0, 0, 0),
(1504, 52017, 2, 17, 0, 0, 0, 0, 0),
(1505, 52017, 2, 18, 0, 0, 0, 0, 0),
(1506, 52017, 2, 19, 0, 0, 0, 0, 0),
(1507, 52017, 2, 20, 0, 0, 0, 0, 0),
(1508, 52017, 2, 21, 0, 0, 0, 0, 0),
(1509, 52017, 2, 22, 0, 0, 0, 0, 0),
(1510, 52017, 2, 23, 0, 0, 0, 0, 0),
(1511, 52017, 2, 24, 0, 0, 0, 0, 0),
(1512, 52017, 2, 25, 0, 0, 0, 0, 0),
(1513, 62012, 2, 2, 0, 0, 0, 0, 0),
(1514, 62012, 2, 3, 0, 0, 0, 0, 0),
(1515, 62012, 2, 4, 0, 0, 0, 0, 0),
(1516, 62012, 2, 5, 0, 0, 0, 0, 0),
(1517, 62012, 2, 6, 0, 0, 0, 0, 0),
(1518, 62012, 2, 7, 0, 0, 0, 0, 0),
(1519, 62012, 2, 8, 0, 0, 0, 0, 0),
(1520, 62012, 2, 9, 0, 0, 0, 0, 0),
(1521, 62012, 2, 10, 0, 0, 0, 0, 0),
(1522, 62012, 2, 11, 0, 0, 0, 0, 0),
(1523, 62012, 2, 12, 0, 0, 0, 0, 0),
(1524, 62012, 2, 13, 0, 0, 0, 0, 0),
(1525, 62012, 2, 14, 0, 0, 0, 0, 0),
(1526, 62012, 2, 15, 0, 0, 0, 0, 0),
(1527, 62012, 2, 16, 0, 0, 0, 0, 0),
(1528, 62012, 2, 17, 0, 0, 0, 0, 0),
(1529, 62012, 2, 18, 0, 0, 0, 0, 0),
(1530, 62012, 2, 19, 0, 0, 0, 0, 0),
(1531, 62012, 2, 20, 0, 0, 0, 0, 0),
(1532, 62012, 2, 21, 0, 0, 0, 0, 0),
(1533, 62012, 2, 22, 0, 0, 0, 0, 0),
(1534, 62012, 2, 23, 0, 0, 0, 0, 0),
(1535, 62012, 2, 24, 0, 0, 0, 0, 0),
(1536, 62012, 2, 25, 0, 0, 0, 0, 0),
(1537, 62013, 2, 2, 0, 0, 0, 0, 0),
(1538, 62013, 2, 3, 0, 0, 0, 0, 0),
(1539, 62013, 2, 4, 0, 0, 0, 0, 0),
(1540, 62013, 2, 5, 0, 0, 0, 0, 0),
(1541, 62013, 2, 6, 0, 0, 0, 0, 0),
(1542, 62013, 2, 7, 0, 0, 0, 0, 0),
(1543, 62013, 2, 8, 0, 0, 0, 0, 0),
(1544, 62013, 2, 9, 0, 0, 0, 0, 0),
(1545, 62013, 2, 10, 0, 0, 0, 0, 0),
(1546, 62013, 2, 11, 0, 0, 0, 0, 0),
(1547, 62013, 2, 12, 0, 0, 0, 0, 0),
(1548, 62013, 2, 13, 0, 0, 0, 0, 0),
(1549, 62013, 2, 14, 0, 0, 0, 0, 0),
(1550, 62013, 2, 15, 0, 0, 0, 0, 0),
(1551, 62013, 2, 16, 0, 0, 0, 0, 0),
(1552, 62013, 2, 17, 0, 0, 0, 0, 0),
(1553, 62013, 2, 18, 0, 0, 0, 0, 0),
(1554, 62013, 2, 19, 0, 0, 0, 0, 0),
(1555, 62013, 2, 20, 0, 0, 0, 0, 0),
(1556, 62013, 2, 21, 0, 0, 0, 0, 0),
(1557, 62013, 2, 22, 0, 0, 0, 0, 0),
(1558, 62013, 2, 23, 0, 0, 0, 0, 0),
(1559, 62013, 2, 24, 0, 0, 0, 0, 0),
(1560, 62013, 2, 25, 0, 0, 0, 0, 0),
(1561, 62014, 2, 2, 0, 0, 0, 0, 0),
(1562, 62014, 2, 3, 0, 0, 0, 0, 0),
(1563, 62014, 2, 4, 0, 0, 0, 0, 0),
(1564, 62014, 2, 5, 0, 0, 0, 0, 0),
(1565, 62014, 2, 6, 0, 0, 0, 0, 0),
(1566, 62014, 2, 7, 0, 0, 0, 0, 0),
(1567, 62014, 2, 8, 0, 0, 0, 0, 0),
(1568, 62014, 2, 9, 0, 0, 0, 0, 0),
(1569, 62014, 2, 10, 0, 0, 0, 0, 0),
(1570, 62014, 2, 11, 0, 0, 0, 0, 0),
(1571, 62014, 2, 12, 0, 0, 0, 0, 0),
(1572, 62014, 2, 13, 0, 0, 0, 0, 0),
(1573, 62014, 2, 14, 0, 0, 0, 0, 0),
(1574, 62014, 2, 15, 0, 0, 0, 0, 0),
(1575, 62014, 2, 16, 0, 0, 0, 0, 0),
(1576, 62014, 2, 17, 0, 0, 0, 0, 0),
(1577, 62014, 2, 18, 0, 0, 0, 0, 0),
(1578, 62014, 2, 19, 0, 0, 0, 0, 0),
(1579, 62014, 2, 20, 0, 0, 0, 0, 0),
(1580, 62014, 2, 21, 0, 0, 0, 0, 0),
(1581, 62014, 2, 22, 0, 0, 0, 0, 0),
(1582, 62014, 2, 23, 0, 0, 0, 0, 0),
(1583, 62014, 2, 24, 0, 0, 0, 0, 0),
(1584, 62014, 2, 25, 0, 0, 0, 0, 0),
(1585, 62015, 2, 2, 0, 0, 0, 0, 0),
(1586, 62015, 2, 3, 0, 0, 0, 0, 0),
(1587, 62015, 2, 4, 0, 0, 0, 0, 0),
(1588, 62015, 2, 5, 0, 0, 0, 0, 0),
(1589, 62015, 2, 6, 0, 0, 0, 0, 0),
(1590, 62015, 2, 7, 0, 0, 0, 0, 0),
(1591, 62015, 2, 8, 0, 0, 0, 0, 0),
(1592, 62015, 2, 9, 0, 0, 0, 0, 0),
(1593, 62015, 2, 10, 0, 0, 0, 0, 0),
(1594, 62015, 2, 11, 0, 0, 0, 0, 0),
(1595, 62015, 2, 12, 0, 0, 0, 0, 0),
(1596, 62015, 2, 13, 0, 0, 0, 0, 0),
(1597, 62015, 2, 14, 0, 0, 0, 0, 0),
(1598, 62015, 2, 15, 0, 0, 0, 0, 0),
(1599, 62015, 2, 16, 0, 0, 0, 0, 0),
(1600, 62015, 2, 17, 0, 0, 0, 0, 0),
(1601, 62015, 2, 18, 0, 0, 0, 0, 0),
(1602, 62015, 2, 19, 0, 0, 0, 0, 0),
(1603, 62015, 2, 20, 0, 0, 0, 0, 0),
(1604, 62015, 2, 21, 0, 0, 0, 0, 0),
(1605, 62015, 2, 22, 0, 0, 0, 0, 0),
(1606, 62015, 2, 23, 0, 0, 0, 0, 0),
(1607, 62015, 2, 24, 0, 0, 0, 0, 0),
(1608, 62015, 2, 25, 0, 0, 0, 0, 0),
(1609, 62016, 2, 2, 0, 0, 0, 0, 0),
(1610, 62016, 2, 3, 0, 0, 0, 0, 0),
(1611, 62016, 2, 4, 0, 0, 0, 0, 0),
(1612, 62016, 2, 5, 0, 0, 0, 0, 0),
(1613, 62016, 2, 6, 0, 0, 0, 0, 0),
(1614, 62016, 2, 7, 0, 0, 0, 0, 0),
(1615, 62016, 2, 8, 0, 0, 0, 0, 0),
(1616, 62016, 2, 9, 0, 0, 0, 0, 0),
(1617, 62016, 2, 10, 0, 0, 0, 0, 0),
(1618, 62016, 2, 11, 0, 0, 0, 0, 0),
(1619, 62016, 2, 12, 0, 0, 0, 0, 0),
(1620, 62016, 2, 13, 0, 0, 0, 0, 0),
(1621, 62016, 2, 14, 0, 0, 0, 0, 0),
(1622, 62016, 2, 15, 0, 0, 0, 0, 0),
(1623, 62016, 2, 16, 0, 0, 0, 0, 0),
(1624, 62016, 2, 17, 0, 0, 0, 0, 0),
(1625, 62016, 2, 18, 0, 0, 0, 0, 0),
(1626, 62016, 2, 19, 0, 0, 0, 0, 0),
(1627, 62016, 2, 20, 0, 0, 0, 0, 0),
(1628, 62016, 2, 21, 0, 0, 0, 0, 0),
(1629, 62016, 2, 22, 0, 0, 0, 0, 0),
(1630, 62016, 2, 23, 0, 0, 0, 0, 0),
(1631, 62016, 2, 24, 0, 0, 0, 0, 0),
(1632, 62016, 2, 25, 0, 0, 0, 0, 0),
(1633, 62017, 2, 2, 0, 0, 0, 0, 0),
(1634, 62017, 2, 3, 0, 0, 0, 0, 0),
(1635, 62017, 2, 4, 0, 0, 0, 0, 0),
(1636, 62017, 2, 5, 0, 0, 0, 0, 0),
(1637, 62017, 2, 6, 0, 0, 0, 0, 0),
(1638, 62017, 2, 7, 0, 0, 0, 0, 0),
(1639, 62017, 2, 8, 0, 0, 0, 0, 0),
(1640, 62017, 2, 9, 0, 0, 0, 0, 0),
(1641, 62017, 2, 10, 0, 0, 0, 0, 0),
(1642, 62017, 2, 11, 0, 0, 0, 0, 0),
(1643, 62017, 2, 12, 0, 0, 0, 0, 0),
(1644, 62017, 2, 13, 0, 0, 0, 0, 0),
(1645, 62017, 2, 14, 0, 0, 0, 0, 0),
(1646, 62017, 2, 15, 0, 0, 0, 0, 0),
(1647, 62017, 2, 16, 0, 0, 0, 0, 0),
(1648, 62017, 2, 17, 0, 0, 0, 0, 0),
(1649, 62017, 2, 18, 0, 0, 0, 0, 0),
(1650, 62017, 2, 19, 0, 0, 0, 0, 0),
(1651, 62017, 2, 20, 0, 0, 0, 0, 0),
(1652, 62017, 2, 21, 0, 0, 0, 0, 0),
(1653, 62017, 2, 22, 0, 0, 0, 0, 0),
(1654, 62017, 2, 23, 0, 0, 0, 0, 0),
(1655, 62017, 2, 24, 0, 0, 0, 0, 0),
(1656, 62017, 2, 25, 0, 0, 0, 0, 0),
(1657, 72012, 2, 2, 0, 0, 0, 0, 0),
(1658, 72012, 2, 3, 0, 0, 0, 0, 0),
(1659, 72012, 2, 4, 0, 0, 0, 0, 0),
(1660, 72012, 2, 5, 0, 0, 0, 0, 0),
(1661, 72012, 2, 6, 0, 0, 0, 0, 0),
(1662, 72012, 2, 7, 0, 0, 0, 0, 0),
(1663, 72012, 2, 8, 0, 0, 0, 0, 0),
(1664, 72012, 2, 9, 0, 0, 0, 0, 0),
(1665, 72012, 2, 10, 0, 0, 0, 0, 0),
(1666, 72012, 2, 11, 0, 0, 0, 0, 0),
(1667, 72012, 2, 12, 0, 0, 0, 0, 0),
(1668, 72012, 2, 13, 0, 0, 0, 0, 0),
(1669, 72012, 2, 14, 0, 0, 0, 0, 0),
(1670, 72012, 2, 15, 0, 0, 0, 0, 0),
(1671, 72012, 2, 16, 0, 0, 0, 0, 0),
(1672, 72012, 2, 17, 0, 0, 0, 0, 0),
(1673, 72012, 2, 18, 0, 0, 0, 0, 0),
(1674, 72012, 2, 19, 0, 0, 0, 0, 0),
(1675, 72012, 2, 20, 0, 0, 0, 0, 0),
(1676, 72012, 2, 21, 0, 0, 0, 0, 0),
(1677, 72012, 2, 22, 0, 0, 0, 0, 0),
(1678, 72012, 2, 23, 0, 0, 0, 0, 0),
(1679, 72012, 2, 24, 0, 0, 0, 0, 0),
(1680, 72012, 2, 25, 0, 0, 0, 0, 0),
(1681, 72013, 2, 2, 0, 0, 0, 0, 0),
(1682, 72013, 2, 3, 0, 0, 0, 0, 0),
(1683, 72013, 2, 4, 0, 0, 0, 0, 0),
(1684, 72013, 2, 5, 0, 0, 0, 0, 0),
(1685, 72013, 2, 6, 0, 0, 0, 0, 0),
(1686, 72013, 2, 7, 0, 0, 0, 0, 0),
(1687, 72013, 2, 8, 0, 0, 0, 0, 0),
(1688, 72013, 2, 9, 0, 0, 0, 0, 0),
(1689, 72013, 2, 10, 0, 0, 0, 0, 0),
(1690, 72013, 2, 11, 0, 0, 0, 0, 0),
(1691, 72013, 2, 12, 0, 0, 0, 0, 0),
(1692, 72013, 2, 13, 0, 0, 0, 0, 0),
(1693, 72013, 2, 14, 0, 0, 0, 0, 0),
(1694, 72013, 2, 15, 0, 0, 0, 0, 0),
(1695, 72013, 2, 16, 0, 0, 0, 0, 0),
(1696, 72013, 2, 17, 0, 0, 0, 0, 0),
(1697, 72013, 2, 18, 0, 0, 0, 0, 0),
(1698, 72013, 2, 19, 0, 0, 0, 0, 0),
(1699, 72013, 2, 20, 0, 0, 0, 0, 0),
(1700, 72013, 2, 21, 0, 0, 0, 0, 0),
(1701, 72013, 2, 22, 0, 0, 0, 0, 0),
(1702, 72013, 2, 23, 0, 0, 0, 0, 0),
(1703, 72013, 2, 24, 0, 0, 0, 0, 0),
(1704, 72013, 2, 25, 0, 0, 0, 0, 0),
(1705, 72014, 2, 2, 0, 0, 0, 0, 0),
(1706, 72014, 2, 3, 0, 0, 0, 0, 0),
(1707, 72014, 2, 4, 0, 0, 0, 0, 0),
(1708, 72014, 2, 5, 0, 0, 0, 0, 0),
(1709, 72014, 2, 6, 0, 0, 0, 0, 0),
(1710, 72014, 2, 7, 0, 0, 0, 0, 0),
(1711, 72014, 2, 8, 0, 0, 0, 0, 0),
(1712, 72014, 2, 9, 0, 0, 0, 0, 0),
(1713, 72014, 2, 10, 0, 0, 0, 0, 0),
(1714, 72014, 2, 11, 0, 0, 0, 0, 0),
(1715, 72014, 2, 12, 0, 0, 0, 0, 0),
(1716, 72014, 2, 13, 0, 0, 0, 0, 0),
(1717, 72014, 2, 14, 0, 0, 0, 0, 0),
(1718, 72014, 2, 15, 0, 0, 0, 0, 0),
(1719, 72014, 2, 16, 0, 0, 0, 0, 0),
(1720, 72014, 2, 17, 0, 0, 0, 0, 0),
(1721, 72014, 2, 18, 0, 0, 0, 0, 0),
(1722, 72014, 2, 19, 0, 0, 0, 0, 0),
(1723, 72014, 2, 20, 0, 0, 0, 0, 0),
(1724, 72014, 2, 21, 0, 0, 0, 0, 0),
(1725, 72014, 2, 22, 0, 0, 0, 0, 0),
(1726, 72014, 2, 23, 0, 0, 0, 0, 0),
(1727, 72014, 2, 24, 0, 0, 0, 0, 0),
(1728, 72014, 2, 25, 0, 0, 0, 0, 0),
(1729, 72015, 2, 2, 0, 0, 0, 0, 0),
(1730, 72015, 2, 3, 0, 0, 0, 0, 0),
(1731, 72015, 2, 4, 0, 0, 0, 0, 0),
(1732, 72015, 2, 5, 0, 0, 0, 0, 0),
(1733, 72015, 2, 6, 0, 0, 0, 0, 0),
(1734, 72015, 2, 7, 0, 0, 0, 0, 0),
(1735, 72015, 2, 8, 0, 0, 0, 0, 0),
(1736, 72015, 2, 9, 0, 0, 0, 0, 0),
(1737, 72015, 2, 10, 0, 0, 0, 0, 0),
(1738, 72015, 2, 11, 0, 0, 0, 0, 0),
(1739, 72015, 2, 12, 0, 0, 0, 0, 0),
(1740, 72015, 2, 13, 0, 0, 0, 0, 0),
(1741, 72015, 2, 14, 0, 0, 0, 0, 0),
(1742, 72015, 2, 15, 0, 0, 0, 0, 0),
(1743, 72015, 2, 16, 0, 0, 0, 0, 0),
(1744, 72015, 2, 17, 0, 0, 0, 0, 0),
(1745, 72015, 2, 18, 0, 0, 0, 0, 0),
(1746, 72015, 2, 19, 0, 0, 0, 0, 0),
(1747, 72015, 2, 20, 0, 0, 0, 0, 0),
(1748, 72015, 2, 21, 0, 0, 0, 0, 0),
(1749, 72015, 2, 22, 0, 0, 0, 0, 0),
(1750, 72015, 2, 23, 0, 0, 0, 0, 0),
(1751, 72015, 2, 24, 0, 0, 0, 0, 0),
(1752, 72015, 2, 25, 0, 0, 0, 0, 0),
(1753, 72016, 2, 2, 0, 0, 0, 0, 0),
(1754, 72016, 2, 3, 0, 0, 0, 0, 0),
(1755, 72016, 2, 4, 0, 0, 0, 0, 0),
(1756, 72016, 2, 5, 0, 0, 0, 0, 0),
(1757, 72016, 2, 6, 0, 0, 0, 0, 0),
(1758, 72016, 2, 7, 0, 0, 0, 0, 0),
(1759, 72016, 2, 8, 0, 0, 0, 0, 0),
(1760, 72016, 2, 9, 0, 0, 0, 0, 0),
(1761, 72016, 2, 10, 0, 0, 0, 0, 0),
(1762, 72016, 2, 11, 0, 0, 0, 0, 0),
(1763, 72016, 2, 12, 0, 0, 0, 0, 0),
(1764, 72016, 2, 13, 0, 0, 0, 0, 0),
(1765, 72016, 2, 14, 0, 0, 0, 0, 0),
(1766, 72016, 2, 15, 0, 0, 0, 0, 0),
(1767, 72016, 2, 16, 0, 0, 0, 0, 0),
(1768, 72016, 2, 17, 0, 0, 0, 0, 0),
(1769, 72016, 2, 18, 0, 0, 0, 0, 0),
(1770, 72016, 2, 19, 0, 0, 0, 0, 0),
(1771, 72016, 2, 20, 0, 0, 0, 0, 0),
(1772, 72016, 2, 21, 0, 0, 0, 0, 0),
(1773, 72016, 2, 22, 0, 0, 0, 0, 0),
(1774, 72016, 2, 23, 0, 0, 0, 0, 0),
(1775, 72016, 2, 24, 0, 0, 0, 0, 0),
(1776, 72016, 2, 25, 0, 0, 0, 0, 0),
(1777, 72017, 2, 2, 0, 0, 0, 0, 0),
(1778, 72017, 2, 3, 0, 0, 0, 0, 0),
(1779, 72017, 2, 4, 0, 0, 0, 0, 0),
(1780, 72017, 2, 5, 0, 0, 0, 0, 0),
(1781, 72017, 2, 6, 0, 0, 0, 0, 0),
(1782, 72017, 2, 7, 0, 0, 0, 0, 0),
(1783, 72017, 2, 8, 0, 0, 0, 0, 0),
(1784, 72017, 2, 9, 0, 0, 0, 0, 0),
(1785, 72017, 2, 10, 0, 0, 0, 0, 0),
(1786, 72017, 2, 11, 0, 0, 0, 0, 0),
(1787, 72017, 2, 12, 0, 0, 0, 0, 0),
(1788, 72017, 2, 13, 0, 0, 0, 0, 0),
(1789, 72017, 2, 14, 0, 0, 0, 0, 0),
(1790, 72017, 2, 15, 0, 0, 0, 0, 0),
(1791, 72017, 2, 16, 0, 0, 0, 0, 0),
(1792, 72017, 2, 17, 0, 0, 0, 0, 0),
(1793, 72017, 2, 18, 0, 0, 0, 0, 0),
(1794, 72017, 2, 19, 0, 0, 0, 0, 0),
(1795, 72017, 2, 20, 0, 0, 0, 0, 0),
(1796, 72017, 2, 21, 0, 0, 0, 0, 0),
(1797, 72017, 2, 22, 0, 0, 0, 0, 0),
(1798, 72017, 2, 23, 0, 0, 0, 0, 0),
(1799, 72017, 2, 24, 0, 0, 0, 0, 0),
(1800, 72017, 2, 25, 0, 0, 0, 0, 0),
(1801, 82012, 2, 2, 0, 0, 0, 0, 0),
(1802, 82012, 2, 3, 0, 0, 0, 0, 0),
(1803, 82012, 2, 4, 0, 0, 0, 0, 0),
(1804, 82012, 2, 5, 0, 0, 0, 0, 0),
(1805, 82012, 2, 6, 0, 0, 0, 0, 0),
(1806, 82012, 2, 7, 0, 0, 0, 0, 0),
(1807, 82012, 2, 8, 0, 0, 0, 0, 0),
(1808, 82012, 2, 9, 0, 0, 0, 0, 0),
(1809, 82012, 2, 10, 0, 0, 0, 0, 0),
(1810, 82012, 2, 11, 0, 0, 0, 0, 0),
(1811, 82012, 2, 12, 0, 0, 0, 0, 0),
(1812, 82012, 2, 13, 0, 0, 0, 0, 0),
(1813, 82012, 2, 14, 0, 0, 0, 0, 0),
(1814, 82012, 2, 15, 0, 0, 0, 0, 0),
(1815, 82012, 2, 16, 0, 0, 0, 0, 0),
(1816, 82012, 2, 17, 0, 0, 0, 0, 0),
(1817, 82012, 2, 18, 0, 0, 0, 0, 0),
(1818, 82012, 2, 19, 0, 0, 0, 0, 0),
(1819, 82012, 2, 20, 0, 0, 0, 0, 0),
(1820, 82012, 2, 21, 0, 0, 0, 0, 0),
(1821, 82012, 2, 22, 0, 0, 0, 0, 0),
(1822, 82012, 2, 23, 0, 0, 0, 0, 0),
(1823, 82012, 2, 24, 0, 0, 0, 0, 0),
(1824, 82012, 2, 25, 0, 0, 0, 0, 0),
(1825, 82013, 2, 2, 0, 0, 0, 0, 0),
(1826, 82013, 2, 3, 0, 0, 0, 0, 0),
(1827, 82013, 2, 4, 0, 0, 0, 0, 0),
(1828, 82013, 2, 5, 0, 0, 0, 0, 0),
(1829, 82013, 2, 6, 0, 0, 0, 0, 0),
(1830, 82013, 2, 7, 0, 0, 0, 0, 0),
(1831, 82013, 2, 8, 0, 0, 0, 0, 0),
(1832, 82013, 2, 9, 0, 0, 0, 0, 0),
(1833, 82013, 2, 10, 0, 0, 0, 0, 0),
(1834, 82013, 2, 11, 0, 0, 0, 0, 0),
(1835, 82013, 2, 12, 0, 0, 0, 0, 0),
(1836, 82013, 2, 13, 0, 0, 0, 0, 0),
(1837, 82013, 2, 14, 0, 0, 0, 0, 0),
(1838, 82013, 2, 15, 0, 0, 0, 0, 0),
(1839, 82013, 2, 16, 0, 0, 0, 0, 0),
(1840, 82013, 2, 17, 0, 0, 0, 0, 0),
(1841, 82013, 2, 18, 0, 0, 0, 0, 0),
(1842, 82013, 2, 19, 0, 0, 0, 0, 0),
(1843, 82013, 2, 20, 0, 0, 0, 0, 0),
(1844, 82013, 2, 21, 0, 0, 0, 0, 0),
(1845, 82013, 2, 22, 0, 0, 0, 0, 0),
(1846, 82013, 2, 23, 0, 0, 0, 0, 0),
(1847, 82013, 2, 24, 0, 0, 0, 0, 0),
(1848, 82013, 2, 25, 0, 0, 0, 0, 0),
(1849, 82014, 2, 2, 0, 0, 0, 0, 0),
(1850, 82014, 2, 3, 0, 0, 0, 0, 0),
(1851, 82014, 2, 4, 0, 0, 0, 0, 0),
(1852, 82014, 2, 5, 0, 0, 0, 0, 0),
(1853, 82014, 2, 6, 0, 0, 0, 0, 0),
(1854, 82014, 2, 7, 0, 0, 0, 0, 0),
(1855, 82014, 2, 8, 0, 0, 0, 0, 0),
(1856, 82014, 2, 9, 0, 0, 0, 0, 0),
(1857, 82014, 2, 10, 0, 0, 0, 0, 0),
(1858, 82014, 2, 11, 0, 0, 0, 0, 0),
(1859, 82014, 2, 12, 0, 0, 0, 0, 0),
(1860, 82014, 2, 13, 0, 0, 0, 0, 0),
(1861, 82014, 2, 14, 0, 0, 0, 0, 0),
(1862, 82014, 2, 15, 0, 0, 0, 0, 0),
(1863, 82014, 2, 16, 0, 0, 0, 0, 0),
(1864, 82014, 2, 17, 0, 0, 0, 0, 0),
(1865, 82014, 2, 18, 0, 0, 0, 0, 0),
(1866, 82014, 2, 19, 0, 0, 0, 0, 0),
(1867, 82014, 2, 20, 0, 0, 0, 0, 0),
(1868, 82014, 2, 21, 0, 0, 0, 0, 0),
(1869, 82014, 2, 22, 0, 0, 0, 0, 0),
(1870, 82014, 2, 23, 0, 0, 0, 0, 0),
(1871, 82014, 2, 24, 0, 0, 0, 0, 0),
(1872, 82014, 2, 25, 0, 0, 0, 0, 0),
(1873, 82015, 2, 2, 0, 0, 0, 0, 0),
(1874, 82015, 2, 3, 0, 0, 0, 0, 0),
(1875, 82015, 2, 4, 0, 0, 0, 0, 0),
(1876, 82015, 2, 5, 0, 0, 0, 0, 0),
(1877, 82015, 2, 6, 0, 0, 0, 0, 0),
(1878, 82015, 2, 7, 0, 0, 0, 0, 0),
(1879, 82015, 2, 8, 0, 0, 0, 0, 0),
(1880, 82015, 2, 9, 0, 0, 0, 0, 0),
(1881, 82015, 2, 10, 0, 0, 0, 0, 0),
(1882, 82015, 2, 11, 0, 0, 0, 0, 0),
(1883, 82015, 2, 12, 0, 0, 0, 0, 0),
(1884, 82015, 2, 13, 0, 0, 0, 0, 0),
(1885, 82015, 2, 14, 0, 0, 0, 0, 0),
(1886, 82015, 2, 15, 0, 0, 0, 0, 0),
(1887, 82015, 2, 16, 0, 0, 0, 0, 0),
(1888, 82015, 2, 17, 0, 0, 0, 0, 0),
(1889, 82015, 2, 18, 0, 0, 0, 0, 0),
(1890, 82015, 2, 19, 0, 0, 0, 0, 0),
(1891, 82015, 2, 20, 0, 0, 0, 0, 0),
(1892, 82015, 2, 21, 0, 0, 0, 0, 0),
(1893, 82015, 2, 22, 0, 0, 0, 0, 0),
(1894, 82015, 2, 23, 0, 0, 0, 0, 0),
(1895, 82015, 2, 24, 0, 0, 0, 0, 0),
(1896, 82015, 2, 25, 0, 0, 0, 0, 0),
(1897, 82016, 2, 2, 0, 0, 0, 0, 0),
(1898, 82016, 2, 3, 0, 0, 0, 0, 0),
(1899, 82016, 2, 4, 0, 0, 0, 0, 0),
(1900, 82016, 2, 5, 0, 0, 0, 0, 0),
(1901, 82016, 2, 6, 0, 0, 0, 0, 0),
(1902, 82016, 2, 7, 0, 0, 0, 0, 0),
(1903, 82016, 2, 8, 0, 0, 0, 0, 0),
(1904, 82016, 2, 9, 0, 0, 0, 0, 0),
(1905, 82016, 2, 10, 0, 0, 0, 0, 0),
(1906, 82016, 2, 11, 0, 0, 0, 0, 0),
(1907, 82016, 2, 12, 0, 0, 0, 0, 0),
(1908, 82016, 2, 13, 0, 0, 0, 0, 0),
(1909, 82016, 2, 14, 0, 0, 0, 0, 0),
(1910, 82016, 2, 15, 0, 0, 0, 0, 0),
(1911, 82016, 2, 16, 0, 0, 0, 0, 0),
(1912, 82016, 2, 17, 0, 0, 0, 0, 0),
(1913, 82016, 2, 18, 0, 0, 0, 0, 0),
(1914, 82016, 2, 19, 0, 0, 0, 0, 0),
(1915, 82016, 2, 20, 0, 0, 0, 0, 0),
(1916, 82016, 2, 21, 0, 0, 0, 0, 0),
(1917, 82016, 2, 22, 0, 0, 0, 0, 0),
(1918, 82016, 2, 23, 0, 0, 0, 0, 0),
(1919, 82016, 2, 24, 0, 0, 0, 0, 0),
(1920, 82016, 2, 25, 0, 0, 0, 0, 0),
(1921, 82017, 2, 2, 0, 0, 0, 0, 0),
(1922, 82017, 2, 3, 0, 0, 0, 0, 0),
(1923, 82017, 2, 4, 0, 0, 0, 0, 0),
(1924, 82017, 2, 5, 0, 0, 0, 0, 0),
(1925, 82017, 2, 6, 0, 0, 0, 0, 0),
(1926, 82017, 2, 7, 0, 0, 0, 0, 0),
(1927, 82017, 2, 8, 0, 0, 0, 0, 0),
(1928, 82017, 2, 9, 0, 0, 0, 0, 0),
(1929, 82017, 2, 10, 0, 0, 0, 0, 0),
(1930, 82017, 2, 11, 0, 0, 0, 0, 0),
(1931, 82017, 2, 12, 0, 0, 0, 0, 0),
(1932, 82017, 2, 13, 0, 0, 0, 0, 0),
(1933, 82017, 2, 14, 0, 0, 0, 0, 0),
(1934, 82017, 2, 15, 0, 0, 0, 0, 0),
(1935, 82017, 2, 16, 0, 0, 0, 0, 0),
(1936, 82017, 2, 17, 0, 0, 0, 0, 0),
(1937, 82017, 2, 18, 0, 0, 0, 0, 0),
(1938, 82017, 2, 19, 0, 0, 0, 0, 0),
(1939, 82017, 2, 20, 0, 0, 0, 0, 0),
(1940, 82017, 2, 21, 0, 0, 0, 0, 0),
(1941, 82017, 2, 22, 0, 0, 0, 0, 0),
(1942, 82017, 2, 23, 0, 0, 0, 0, 0),
(1943, 82017, 2, 24, 0, 0, 0, 0, 0),
(1944, 82017, 2, 25, 0, 0, 0, 0, 0),
(1945, 92012, 2, 2, 0, 0, 0, 0, 0),
(1946, 92012, 2, 3, 0, 0, 0, 0, 0),
(1947, 92012, 2, 4, 0, 0, 0, 0, 0),
(1948, 92012, 2, 5, 0, 0, 0, 0, 0),
(1949, 92012, 2, 6, 0, 0, 0, 0, 0),
(1950, 92012, 2, 7, 0, 0, 0, 0, 0),
(1951, 92012, 2, 8, 0, 0, 0, 0, 0),
(1952, 92012, 2, 9, 0, 0, 0, 0, 0),
(1953, 92012, 2, 10, 0, 0, 0, 0, 0),
(1954, 92012, 2, 11, 0, 0, 0, 0, 0),
(1955, 92012, 2, 12, 0, 0, 0, 0, 0),
(1956, 92012, 2, 13, 0, 0, 0, 0, 0),
(1957, 92012, 2, 14, 0, 0, 0, 0, 0),
(1958, 92012, 2, 15, 0, 0, 0, 0, 0),
(1959, 92012, 2, 16, 0, 0, 0, 0, 0),
(1960, 92012, 2, 17, 0, 0, 0, 0, 0),
(1961, 92012, 2, 18, 0, 0, 0, 0, 0),
(1962, 92012, 2, 19, 0, 0, 0, 0, 0),
(1963, 92012, 2, 20, 0, 0, 0, 0, 0),
(1964, 92012, 2, 21, 0, 0, 0, 0, 0),
(1965, 92012, 2, 22, 0, 0, 0, 0, 0),
(1966, 92012, 2, 23, 0, 0, 0, 0, 0),
(1967, 92012, 2, 24, 0, 0, 0, 0, 0),
(1968, 92012, 2, 25, 0, 0, 0, 0, 0),
(1969, 92013, 2, 2, 0, 0, 0, 0, 0),
(1970, 92013, 2, 3, 0, 0, 0, 0, 0),
(1971, 92013, 2, 4, 0, 0, 0, 0, 0),
(1972, 92013, 2, 5, 0, 0, 0, 0, 0),
(1973, 92013, 2, 6, 0, 0, 0, 0, 0),
(1974, 92013, 2, 7, 0, 0, 0, 0, 0),
(1975, 92013, 2, 8, 0, 0, 0, 0, 0),
(1976, 92013, 2, 9, 0, 0, 0, 0, 0),
(1977, 92013, 2, 10, 0, 0, 0, 0, 0),
(1978, 92013, 2, 11, 0, 0, 0, 0, 0),
(1979, 92013, 2, 12, 0, 0, 0, 0, 0),
(1980, 92013, 2, 13, 0, 0, 0, 0, 0),
(1981, 92013, 2, 14, 0, 0, 0, 0, 0),
(1982, 92013, 2, 15, 0, 0, 0, 0, 0),
(1983, 92013, 2, 16, 0, 0, 0, 0, 0),
(1984, 92013, 2, 17, 0, 0, 0, 0, 0),
(1985, 92013, 2, 18, 0, 0, 0, 0, 0),
(1986, 92013, 2, 19, 0, 0, 0, 0, 0),
(1987, 92013, 2, 20, 0, 0, 0, 0, 0),
(1988, 92013, 2, 21, 0, 0, 0, 0, 0),
(1989, 92013, 2, 22, 0, 0, 0, 0, 0),
(1990, 92013, 2, 23, 0, 0, 0, 0, 0),
(1991, 92013, 2, 24, 0, 0, 0, 0, 0),
(1992, 92013, 2, 25, 0, 0, 0, 0, 0),
(1993, 92014, 2, 2, 0, 0, 0, 0, 0),
(1994, 92014, 2, 3, 0, 0, 0, 0, 0),
(1995, 92014, 2, 4, 0, 0, 0, 0, 0),
(1996, 92014, 2, 5, 0, 0, 0, 0, 0),
(1997, 92014, 2, 6, 0, 0, 0, 0, 0),
(1998, 92014, 2, 7, 0, 0, 0, 0, 0),
(1999, 92014, 2, 8, 0, 0, 0, 0, 0),
(2000, 92014, 2, 9, 0, 0, 0, 0, 0),
(2001, 92014, 2, 10, 0, 0, 0, 0, 0),
(2002, 92014, 2, 11, 0, 0, 0, 0, 0),
(2003, 92014, 2, 12, 0, 0, 0, 0, 0),
(2004, 92014, 2, 13, 0, 0, 0, 0, 0),
(2005, 92014, 2, 14, 0, 0, 0, 0, 0),
(2006, 92014, 2, 15, 0, 0, 0, 0, 0),
(2007, 92014, 2, 16, 0, 0, 0, 0, 0),
(2008, 92014, 2, 17, 0, 0, 0, 0, 0),
(2009, 92014, 2, 18, 0, 0, 0, 0, 0),
(2010, 92014, 2, 19, 0, 0, 0, 0, 0),
(2011, 92014, 2, 20, 0, 0, 0, 0, 0),
(2012, 92014, 2, 21, 0, 0, 0, 0, 0),
(2013, 92014, 2, 22, 0, 0, 0, 0, 0),
(2014, 92014, 2, 23, 0, 0, 0, 0, 0),
(2015, 92014, 2, 24, 0, 0, 0, 0, 0),
(2016, 92014, 2, 25, 0, 0, 0, 0, 0),
(2017, 92015, 2, 2, 0, 0, 0, 0, 0),
(2018, 92015, 2, 3, 0, 0, 0, 0, 0),
(2019, 92015, 2, 4, 0, 0, 0, 0, 0),
(2020, 92015, 2, 5, 0, 0, 0, 0, 0),
(2021, 92015, 2, 6, 0, 0, 0, 0, 0),
(2022, 92015, 2, 7, 0, 0, 0, 0, 0),
(2023, 92015, 2, 8, 0, 0, 0, 0, 0),
(2024, 92015, 2, 9, 0, 0, 0, 0, 0),
(2025, 92015, 2, 10, 0, 0, 0, 0, 0),
(2026, 92015, 2, 11, 0, 0, 0, 0, 0),
(2027, 92015, 2, 12, 0, 0, 0, 0, 0),
(2028, 92015, 2, 13, 0, 0, 0, 0, 0),
(2029, 92015, 2, 14, 0, 0, 0, 0, 0),
(2030, 92015, 2, 15, 0, 0, 0, 0, 0),
(2031, 92015, 2, 16, 0, 0, 0, 0, 0),
(2032, 92015, 2, 17, 0, 0, 0, 0, 0),
(2033, 92015, 2, 18, 0, 0, 0, 0, 0),
(2034, 92015, 2, 19, 0, 0, 0, 0, 0),
(2035, 92015, 2, 20, 0, 0, 0, 0, 0),
(2036, 92015, 2, 21, 0, 0, 0, 0, 0),
(2037, 92015, 2, 22, 0, 0, 0, 0, 0),
(2038, 92015, 2, 23, 0, 0, 0, 0, 0),
(2039, 92015, 2, 24, 0, 0, 0, 0, 0),
(2040, 92015, 2, 25, 0, 0, 0, 0, 0),
(2041, 92016, 2, 2, 0, 0, 0, 0, 0),
(2042, 92016, 2, 3, 0, 0, 0, 0, 0),
(2043, 92016, 2, 4, 0, 0, 0, 0, 0),
(2044, 92016, 2, 5, 0, 0, 0, 0, 0),
(2045, 92016, 2, 6, 0, 0, 0, 0, 0),
(2046, 92016, 2, 7, 0, 0, 0, 0, 0),
(2047, 92016, 2, 8, 0, 0, 0, 0, 0),
(2048, 92016, 2, 9, 0, 0, 0, 0, 0),
(2049, 92016, 2, 10, 0, 0, 0, 0, 0),
(2050, 92016, 2, 11, 0, 0, 0, 0, 0),
(2051, 92016, 2, 12, 0, 0, 0, 0, 0),
(2052, 92016, 2, 13, 0, 0, 0, 0, 0),
(2053, 92016, 2, 14, 0, 0, 0, 0, 0),
(2054, 92016, 2, 15, 0, 0, 0, 0, 0),
(2055, 92016, 2, 16, 0, 0, 0, 0, 0),
(2056, 92016, 2, 17, 0, 0, 0, 0, 0),
(2057, 92016, 2, 18, 0, 0, 0, 0, 0),
(2058, 92016, 2, 19, 0, 0, 0, 0, 0),
(2059, 92016, 2, 20, 0, 0, 0, 0, 0),
(2060, 92016, 2, 21, 0, 0, 0, 0, 0),
(2061, 92016, 2, 22, 0, 0, 0, 0, 0),
(2062, 92016, 2, 23, 0, 0, 0, 0, 0),
(2063, 92016, 2, 24, 0, 0, 0, 0, 0),
(2064, 92016, 2, 25, 0, 0, 0, 0, 0),
(2065, 92017, 2, 2, 0, 0, 0, 0, 0),
(2066, 92017, 2, 3, 0, 0, 0, 0, 0),
(2067, 92017, 2, 4, 0, 0, 0, 0, 0),
(2068, 92017, 2, 5, 0, 0, 0, 0, 0),
(2069, 92017, 2, 6, 0, 0, 0, 0, 0),
(2070, 92017, 2, 7, 0, 0, 0, 0, 0),
(2071, 92017, 2, 8, 0, 0, 0, 0, 0),
(2072, 92017, 2, 9, 0, 0, 0, 0, 0),
(2073, 92017, 2, 10, 0, 0, 0, 0, 0),
(2074, 92017, 2, 11, 0, 0, 0, 0, 0),
(2075, 92017, 2, 12, 0, 0, 0, 0, 0),
(2076, 92017, 2, 13, 0, 0, 0, 0, 0),
(2077, 92017, 2, 14, 0, 0, 0, 0, 0),
(2078, 92017, 2, 15, 0, 0, 0, 0, 0),
(2079, 92017, 2, 16, 0, 0, 0, 0, 0),
(2080, 92017, 2, 17, 0, 0, 0, 0, 0),
(2081, 92017, 2, 18, 0, 0, 0, 0, 0),
(2082, 92017, 2, 19, 0, 0, 0, 0, 0),
(2083, 92017, 2, 20, 0, 0, 0, 0, 0),
(2084, 92017, 2, 21, 0, 0, 0, 0, 0),
(2085, 92017, 2, 22, 0, 0, 0, 0, 0),
(2086, 92017, 2, 23, 0, 0, 0, 0, 0),
(2087, 92017, 2, 24, 0, 0, 0, 0, 0),
(2088, 92017, 2, 25, 0, 0, 0, 0, 0),
(2089, 102012, 2, 2, 0, 0, 0, 0, 0),
(2090, 102012, 2, 3, 0, 0, 0, 0, 0),
(2091, 102012, 2, 4, 0, 0, 0, 0, 0),
(2092, 102012, 2, 5, 0, 0, 0, 0, 0),
(2093, 102012, 2, 6, 0, 0, 0, 0, 0),
(2094, 102012, 2, 7, 0, 0, 0, 0, 0),
(2095, 102012, 2, 8, 0, 0, 0, 0, 0),
(2096, 102012, 2, 9, 0, 0, 0, 0, 0),
(2097, 102012, 2, 10, 0, 0, 0, 0, 0),
(2098, 102012, 2, 11, 0, 0, 0, 0, 0),
(2099, 102012, 2, 12, 0, 0, 0, 0, 0),
(2100, 102012, 2, 13, 0, 0, 0, 0, 0),
(2101, 102012, 2, 14, 0, 0, 0, 0, 0),
(2102, 102012, 2, 15, 0, 0, 0, 0, 0),
(2103, 102012, 2, 16, 0, 0, 0, 0, 0),
(2104, 102012, 2, 17, 0, 0, 0, 0, 0),
(2105, 102012, 2, 18, 0, 0, 0, 0, 0),
(2106, 102012, 2, 19, 0, 0, 0, 0, 0),
(2107, 102012, 2, 20, 0, 0, 0, 0, 0),
(2108, 102012, 2, 21, 0, 0, 0, 0, 0),
(2109, 102012, 2, 22, 0, 0, 0, 0, 0),
(2110, 102012, 2, 23, 0, 0, 0, 0, 0),
(2111, 102012, 2, 24, 0, 0, 0, 0, 0),
(2112, 102012, 2, 25, 0, 0, 0, 0, 0),
(2113, 102013, 2, 2, 0, 0, 0, 0, 0),
(2114, 102013, 2, 3, 0, 0, 0, 0, 0),
(2115, 102013, 2, 4, 0, 0, 0, 0, 0),
(2116, 102013, 2, 5, 0, 0, 0, 0, 0),
(2117, 102013, 2, 6, 0, 0, 0, 0, 0),
(2118, 102013, 2, 7, 0, 0, 0, 0, 0),
(2119, 102013, 2, 8, 0, 0, 0, 0, 0),
(2120, 102013, 2, 9, 0, 0, 0, 0, 0),
(2121, 102013, 2, 10, 0, 0, 0, 0, 0),
(2122, 102013, 2, 11, 0, 0, 0, 0, 0),
(2123, 102013, 2, 12, 0, 0, 0, 0, 0),
(2124, 102013, 2, 13, 0, 0, 0, 0, 0),
(2125, 102013, 2, 14, 0, 0, 0, 0, 0),
(2126, 102013, 2, 15, 0, 0, 0, 0, 0),
(2127, 102013, 2, 16, 0, 0, 0, 0, 0),
(2128, 102013, 2, 17, 0, 0, 0, 0, 0),
(2129, 102013, 2, 18, 0, 0, 0, 0, 0),
(2130, 102013, 2, 19, 0, 0, 0, 0, 0),
(2131, 102013, 2, 20, 0, 0, 0, 0, 0),
(2132, 102013, 2, 21, 0, 0, 0, 0, 0),
(2133, 102013, 2, 22, 0, 0, 0, 0, 0),
(2134, 102013, 2, 23, 0, 0, 0, 0, 0),
(2135, 102013, 2, 24, 0, 0, 0, 0, 0),
(2136, 102013, 2, 25, 0, 0, 0, 0, 0),
(2137, 102014, 2, 2, 0, 0, 0, 0, 0),
(2138, 102014, 2, 3, 0, 0, 0, 0, 0),
(2139, 102014, 2, 4, 0, 0, 0, 0, 0),
(2140, 102014, 2, 5, 0, 0, 0, 0, 0),
(2141, 102014, 2, 6, 0, 0, 0, 0, 0),
(2142, 102014, 2, 7, 0, 0, 0, 0, 0),
(2143, 102014, 2, 8, 0, 0, 0, 0, 0),
(2144, 102014, 2, 9, 0, 0, 0, 0, 0),
(2145, 102014, 2, 10, 0, 0, 0, 0, 0),
(2146, 102014, 2, 11, 0, 0, 0, 0, 0),
(2147, 102014, 2, 12, 0, 0, 0, 0, 0),
(2148, 102014, 2, 13, 0, 0, 0, 0, 0),
(2149, 102014, 2, 14, 0, 0, 0, 0, 0),
(2150, 102014, 2, 15, 0, 0, 0, 0, 0),
(2151, 102014, 2, 16, 0, 0, 0, 0, 0),
(2152, 102014, 2, 17, 0, 0, 0, 0, 0),
(2153, 102014, 2, 18, 0, 0, 0, 0, 0),
(2154, 102014, 2, 19, 0, 0, 0, 0, 0),
(2155, 102014, 2, 20, 0, 0, 0, 0, 0),
(2156, 102014, 2, 21, 0, 0, 0, 0, 0),
(2157, 102014, 2, 22, 0, 0, 0, 0, 0),
(2158, 102014, 2, 23, 0, 0, 0, 0, 0),
(2159, 102014, 2, 24, 0, 0, 0, 0, 0),
(2160, 102014, 2, 25, 0, 0, 0, 0, 0),
(2161, 102015, 2, 2, 0, 0, 0, 0, 0),
(2162, 102015, 2, 3, 0, 0, 0, 0, 0),
(2163, 102015, 2, 4, 0, 0, 0, 0, 0),
(2164, 102015, 2, 5, 0, 0, 0, 0, 0),
(2165, 102015, 2, 6, 0, 0, 0, 0, 0),
(2166, 102015, 2, 7, 0, 0, 0, 0, 0),
(2167, 102015, 2, 8, 0, 0, 0, 0, 0),
(2168, 102015, 2, 9, 0, 0, 0, 0, 0),
(2169, 102015, 2, 10, 0, 0, 0, 0, 0),
(2170, 102015, 2, 11, 0, 0, 0, 0, 0),
(2171, 102015, 2, 12, 0, 0, 0, 0, 0),
(2172, 102015, 2, 13, 0, 0, 0, 0, 0),
(2173, 102015, 2, 14, 0, 0, 0, 0, 0),
(2174, 102015, 2, 15, 0, 0, 0, 0, 0),
(2175, 102015, 2, 16, 0, 0, 0, 0, 0),
(2176, 102015, 2, 17, 0, 0, 0, 0, 0),
(2177, 102015, 2, 18, 0, 0, 0, 0, 0),
(2178, 102015, 2, 19, 0, 0, 0, 0, 0),
(2179, 102015, 2, 20, 0, 0, 0, 0, 0),
(2180, 102015, 2, 21, 0, 0, 0, 0, 0),
(2181, 102015, 2, 22, 0, 0, 0, 0, 0),
(2182, 102015, 2, 23, 0, 0, 0, 0, 0),
(2183, 102015, 2, 24, 0, 0, 0, 0, 0),
(2184, 102015, 2, 25, 0, 0, 0, 0, 0),
(2185, 102016, 2, 2, 0, 0, 0, 0, 0),
(2186, 102016, 2, 3, 0, 0, 0, 0, 0),
(2187, 102016, 2, 4, 0, 0, 0, 0, 0),
(2188, 102016, 2, 5, 0, 0, 0, 0, 0),
(2189, 102016, 2, 6, 0, 0, 0, 0, 0),
(2190, 102016, 2, 7, 0, 0, 0, 0, 0),
(2191, 102016, 2, 8, 0, 0, 0, 0, 0),
(2192, 102016, 2, 9, 0, 0, 0, 0, 0),
(2193, 102016, 2, 10, 0, 0, 0, 0, 0),
(2194, 102016, 2, 11, 0, 0, 0, 0, 0),
(2195, 102016, 2, 12, 0, 0, 0, 0, 0),
(2196, 102016, 2, 13, 0, 0, 0, 0, 0),
(2197, 102016, 2, 14, 0, 0, 0, 0, 0),
(2198, 102016, 2, 15, 0, 0, 0, 0, 0),
(2199, 102016, 2, 16, 0, 0, 0, 0, 0),
(2200, 102016, 2, 17, 0, 0, 0, 0, 0),
(2201, 102016, 2, 18, 0, 0, 0, 0, 0),
(2202, 102016, 2, 19, 0, 0, 0, 0, 0),
(2203, 102016, 2, 20, 0, 0, 0, 0, 0),
(2204, 102016, 2, 21, 0, 0, 0, 0, 0),
(2205, 102016, 2, 22, 0, 0, 0, 0, 0),
(2206, 102016, 2, 23, 0, 0, 0, 0, 0),
(2207, 102016, 2, 24, 0, 0, 0, 0, 0),
(2208, 102016, 2, 25, 0, 0, 0, 0, 0),
(2209, 102017, 2, 2, 0, 0, 0, 0, 0),
(2210, 102017, 2, 3, 0, 0, 0, 0, 0),
(2211, 102017, 2, 4, 0, 0, 0, 0, 0),
(2212, 102017, 2, 5, 0, 0, 0, 0, 0),
(2213, 102017, 2, 6, 0, 0, 0, 0, 0),
(2214, 102017, 2, 7, 0, 0, 0, 0, 0),
(2215, 102017, 2, 8, 0, 0, 0, 0, 0),
(2216, 102017, 2, 9, 0, 0, 0, 0, 0),
(2217, 102017, 2, 10, 0, 0, 0, 0, 0),
(2218, 102017, 2, 11, 0, 0, 0, 0, 0),
(2219, 102017, 2, 12, 0, 0, 0, 0, 0),
(2220, 102017, 2, 13, 0, 0, 0, 0, 0),
(2221, 102017, 2, 14, 0, 0, 0, 0, 0),
(2222, 102017, 2, 15, 0, 0, 0, 0, 0),
(2223, 102017, 2, 16, 0, 0, 0, 0, 0),
(2224, 102017, 2, 17, 0, 0, 0, 0, 0),
(2225, 102017, 2, 18, 0, 0, 0, 0, 0),
(2226, 102017, 2, 19, 0, 0, 0, 0, 0),
(2227, 102017, 2, 20, 0, 0, 0, 0, 0),
(2228, 102017, 2, 21, 0, 0, 0, 0, 0),
(2229, 102017, 2, 22, 0, 0, 0, 0, 0),
(2230, 102017, 2, 23, 0, 0, 0, 0, 0),
(2231, 102017, 2, 24, 0, 0, 0, 0, 0),
(2232, 102017, 2, 25, 0, 0, 0, 0, 0),
(2233, 112012, 2, 2, 0, 0, 0, 0, 0),
(2234, 112012, 2, 3, 0, 0, 0, 0, 0),
(2235, 112012, 2, 4, 0, 0, 0, 0, 0),
(2236, 112012, 2, 5, 0, 0, 0, 0, 0),
(2237, 112012, 2, 6, 0, 0, 0, 0, 0),
(2238, 112012, 2, 7, 0, 0, 0, 0, 0),
(2239, 112012, 2, 8, 0, 0, 0, 0, 0),
(2240, 112012, 2, 9, 0, 0, 0, 0, 0),
(2241, 112012, 2, 10, 0, 0, 0, 0, 0),
(2242, 112012, 2, 11, 0, 0, 0, 0, 0),
(2243, 112012, 2, 12, 0, 0, 0, 0, 0),
(2244, 112012, 2, 13, 0, 0, 0, 0, 0),
(2245, 112012, 2, 14, 0, 0, 0, 0, 0),
(2246, 112012, 2, 15, 0, 0, 0, 0, 0),
(2247, 112012, 2, 16, 0, 0, 0, 0, 0),
(2248, 112012, 2, 17, 0, 0, 0, 0, 0),
(2249, 112012, 2, 18, 0, 0, 0, 0, 0),
(2250, 112012, 2, 19, 0, 0, 0, 0, 0),
(2251, 112012, 2, 20, 0, 0, 0, 0, 0),
(2252, 112012, 2, 21, 0, 0, 0, 0, 0),
(2253, 112012, 2, 22, 0, 0, 0, 0, 0),
(2254, 112012, 2, 23, 0, 0, 0, 0, 0),
(2255, 112012, 2, 24, 0, 0, 0, 0, 0),
(2256, 112012, 2, 25, 0, 0, 0, 0, 0),
(2257, 112013, 2, 2, 0, 0, 0, 0, 0),
(2258, 112013, 2, 3, 0, 0, 0, 0, 0),
(2259, 112013, 2, 4, 0, 0, 0, 0, 0),
(2260, 112013, 2, 5, 0, 0, 0, 0, 0),
(2261, 112013, 2, 6, 0, 0, 0, 0, 0),
(2262, 112013, 2, 7, 0, 0, 0, 0, 0),
(2263, 112013, 2, 8, 0, 0, 0, 0, 0),
(2264, 112013, 2, 9, 0, 0, 0, 0, 0),
(2265, 112013, 2, 10, 0, 0, 0, 0, 0),
(2266, 112013, 2, 11, 0, 0, 0, 0, 0),
(2267, 112013, 2, 12, 0, 0, 0, 0, 0),
(2268, 112013, 2, 13, 0, 0, 0, 0, 0),
(2269, 112013, 2, 14, 0, 0, 0, 0, 0),
(2270, 112013, 2, 15, 0, 0, 0, 0, 0),
(2271, 112013, 2, 16, 0, 0, 0, 0, 0),
(2272, 112013, 2, 17, 0, 0, 0, 0, 0),
(2273, 112013, 2, 18, 0, 0, 0, 0, 0),
(2274, 112013, 2, 19, 0, 0, 0, 0, 0),
(2275, 112013, 2, 20, 0, 0, 0, 0, 0),
(2276, 112013, 2, 21, 0, 0, 0, 0, 0),
(2277, 112013, 2, 22, 0, 0, 0, 0, 0),
(2278, 112013, 2, 23, 0, 0, 0, 0, 0),
(2279, 112013, 2, 24, 0, 0, 0, 0, 0),
(2280, 112013, 2, 25, 0, 0, 0, 0, 0),
(2281, 112014, 2, 2, 0, 0, 0, 0, 0),
(2282, 112014, 2, 3, 0, 0, 0, 0, 0),
(2283, 112014, 2, 4, 0, 0, 0, 0, 0),
(2284, 112014, 2, 5, 0, 0, 0, 0, 0),
(2285, 112014, 2, 6, 0, 0, 0, 0, 0),
(2286, 112014, 2, 7, 0, 0, 0, 0, 0),
(2287, 112014, 2, 8, 0, 0, 0, 0, 0),
(2288, 112014, 2, 9, 0, 0, 0, 0, 0),
(2289, 112014, 2, 10, 0, 0, 0, 0, 0),
(2290, 112014, 2, 11, 0, 0, 0, 0, 0),
(2291, 112014, 2, 12, 0, 0, 0, 0, 0),
(2292, 112014, 2, 13, 0, 0, 0, 0, 0),
(2293, 112014, 2, 14, 0, 0, 0, 0, 0),
(2294, 112014, 2, 15, 0, 0, 0, 0, 0),
(2295, 112014, 2, 16, 0, 0, 0, 0, 0),
(2296, 112014, 2, 17, 0, 0, 0, 0, 0),
(2297, 112014, 2, 18, 0, 0, 0, 0, 0),
(2298, 112014, 2, 19, 0, 0, 0, 0, 0),
(2299, 112014, 2, 20, 0, 0, 0, 0, 0),
(2300, 112014, 2, 21, 0, 0, 0, 0, 0),
(2301, 112014, 2, 22, 0, 0, 0, 0, 0),
(2302, 112014, 2, 23, 0, 0, 0, 0, 0),
(2303, 112014, 2, 24, 0, 0, 0, 0, 0),
(2304, 112014, 2, 25, 0, 0, 0, 0, 0),
(2305, 112015, 2, 2, 0, 0, 0, 0, 0),
(2306, 112015, 2, 3, 0, 0, 0, 0, 0),
(2307, 112015, 2, 4, 0, 0, 0, 0, 0),
(2308, 112015, 2, 5, 0, 0, 0, 0, 0),
(2309, 112015, 2, 6, 0, 0, 0, 0, 0),
(2310, 112015, 2, 7, 0, 0, 0, 0, 0),
(2311, 112015, 2, 8, 0, 0, 0, 0, 0),
(2312, 112015, 2, 9, 0, 0, 0, 0, 0),
(2313, 112015, 2, 10, 0, 0, 0, 0, 0),
(2314, 112015, 2, 11, 0, 0, 0, 0, 0),
(2315, 112015, 2, 12, 0, 0, 0, 0, 0),
(2316, 112015, 2, 13, 0, 0, 0, 0, 0),
(2317, 112015, 2, 14, 0, 0, 0, 0, 0),
(2318, 112015, 2, 15, 0, 0, 0, 0, 0),
(2319, 112015, 2, 16, 0, 0, 0, 0, 0),
(2320, 112015, 2, 17, 0, 0, 0, 0, 0),
(2321, 112015, 2, 18, 0, 0, 0, 0, 0),
(2322, 112015, 2, 19, 0, 0, 0, 0, 0),
(2323, 112015, 2, 20, 0, 0, 0, 0, 0),
(2324, 112015, 2, 21, 0, 0, 0, 0, 0),
(2325, 112015, 2, 22, 0, 0, 0, 0, 0),
(2326, 112015, 2, 23, 0, 0, 0, 0, 0),
(2327, 112015, 2, 24, 0, 0, 0, 0, 0),
(2328, 112015, 2, 25, 0, 0, 0, 0, 0),
(2329, 112016, 2, 2, 0, 0, 0, 0, 0),
(2330, 112016, 2, 3, 0, 0, 0, 0, 0),
(2331, 112016, 2, 4, 0, 0, 0, 0, 0),
(2332, 112016, 2, 5, 0, 0, 0, 0, 0),
(2333, 112016, 2, 6, 0, 0, 0, 0, 0),
(2334, 112016, 2, 7, 0, 0, 0, 0, 0),
(2335, 112016, 2, 8, 0, 0, 0, 0, 0),
(2336, 112016, 2, 9, 0, 0, 0, 0, 0),
(2337, 112016, 2, 10, 0, 0, 0, 0, 0),
(2338, 112016, 2, 11, 0, 0, 0, 0, 0),
(2339, 112016, 2, 12, 0, 0, 0, 0, 0),
(2340, 112016, 2, 13, 0, 0, 0, 0, 0),
(2341, 112016, 2, 14, 0, 0, 0, 0, 0),
(2342, 112016, 2, 15, 0, 0, 0, 0, 0),
(2343, 112016, 2, 16, 0, 0, 0, 0, 0),
(2344, 112016, 2, 17, 0, 0, 0, 0, 0),
(2345, 112016, 2, 18, 0, 0, 0, 0, 0),
(2346, 112016, 2, 19, 0, 0, 0, 0, 0),
(2347, 112016, 2, 20, 0, 0, 0, 0, 0),
(2348, 112016, 2, 21, 0, 0, 0, 0, 0),
(2349, 112016, 2, 22, 0, 0, 0, 0, 0),
(2350, 112016, 2, 23, 0, 0, 0, 0, 0),
(2351, 112016, 2, 24, 0, 0, 0, 0, 0),
(2352, 112016, 2, 25, 0, 0, 0, 0, 0),
(2353, 112017, 2, 2, 0, 0, 0, 0, 0),
(2354, 112017, 2, 3, 0, 0, 0, 0, 0),
(2355, 112017, 2, 4, 0, 0, 0, 0, 0),
(2356, 112017, 2, 5, 0, 0, 0, 0, 0),
(2357, 112017, 2, 6, 0, 0, 0, 0, 0),
(2358, 112017, 2, 7, 0, 0, 0, 0, 0),
(2359, 112017, 2, 8, 0, 0, 0, 0, 0),
(2360, 112017, 2, 9, 0, 0, 0, 0, 0),
(2361, 112017, 2, 10, 0, 0, 0, 0, 0),
(2362, 112017, 2, 11, 0, 0, 0, 0, 0),
(2363, 112017, 2, 12, 0, 0, 0, 0, 0),
(2364, 112017, 2, 13, 0, 0, 0, 0, 0),
(2365, 112017, 2, 14, 0, 0, 0, 0, 0),
(2366, 112017, 2, 15, 0, 0, 0, 0, 0),
(2367, 112017, 2, 16, 0, 0, 0, 0, 0),
(2368, 112017, 2, 17, 0, 0, 0, 0, 0),
(2369, 112017, 2, 18, 0, 0, 0, 0, 0),
(2370, 112017, 2, 19, 0, 0, 0, 0, 0),
(2371, 112017, 2, 20, 0, 0, 0, 0, 0),
(2372, 112017, 2, 21, 0, 0, 0, 0, 0),
(2373, 112017, 2, 22, 0, 0, 0, 0, 0),
(2374, 112017, 2, 23, 0, 0, 0, 0, 0),
(2375, 112017, 2, 24, 0, 0, 0, 0, 0),
(2376, 112017, 2, 25, 0, 0, 0, 0, 0),
(2377, 122012, 2, 2, 0, 0, 0, 0, 0),
(2378, 122012, 2, 3, 0, 0, 0, 0, 0),
(2379, 122012, 2, 4, 0, 0, 0, 0, 0),
(2380, 122012, 2, 5, 0, 0, 0, 0, 0),
(2381, 122012, 2, 6, 0, 0, 0, 0, 0),
(2382, 122012, 2, 7, 0, 0, 0, 0, 0),
(2383, 122012, 2, 8, 0, 0, 0, 0, 0),
(2384, 122012, 2, 9, 0, 0, 0, 0, 0),
(2385, 122012, 2, 10, 0, 0, 0, 0, 0),
(2386, 122012, 2, 11, 0, 0, 0, 0, 0),
(2387, 122012, 2, 12, 0, 0, 0, 0, 0),
(2388, 122012, 2, 13, 0, 0, 0, 0, 0),
(2389, 122012, 2, 14, 0, 0, 0, 0, 0),
(2390, 122012, 2, 15, 0, 0, 0, 0, 0),
(2391, 122012, 2, 16, 0, 0, 0, 0, 0),
(2392, 122012, 2, 17, 0, 0, 0, 0, 0),
(2393, 122012, 2, 18, 0, 0, 0, 0, 0),
(2394, 122012, 2, 19, 0, 0, 0, 0, 0),
(2395, 122012, 2, 20, 0, 0, 0, 0, 0),
(2396, 122012, 2, 21, 0, 0, 0, 0, 0),
(2397, 122012, 2, 22, 0, 0, 0, 0, 0),
(2398, 122012, 2, 23, 0, 0, 0, 0, 0),
(2399, 122012, 2, 24, 0, 0, 0, 0, 0),
(2400, 122012, 2, 25, 0, 0, 0, 0, 0),
(2401, 122013, 2, 2, 0, 0, 0, 0, 0),
(2402, 122013, 2, 3, 0, 0, 0, 0, 0),
(2403, 122013, 2, 4, 0, 0, 0, 0, 0),
(2404, 122013, 2, 5, 0, 0, 0, 0, 0),
(2405, 122013, 2, 6, 0, 0, 0, 0, 0),
(2406, 122013, 2, 7, 0, 0, 0, 0, 0),
(2407, 122013, 2, 8, 0, 0, 0, 0, 0),
(2408, 122013, 2, 9, 0, 0, 0, 0, 0),
(2409, 122013, 2, 10, 0, 0, 0, 0, 0),
(2410, 122013, 2, 11, 0, 0, 0, 0, 0),
(2411, 122013, 2, 12, 0, 0, 0, 0, 0),
(2412, 122013, 2, 13, 0, 0, 0, 0, 0),
(2413, 122013, 2, 14, 0, 0, 0, 0, 0),
(2414, 122013, 2, 15, 0, 0, 0, 0, 0),
(2415, 122013, 2, 16, 0, 0, 0, 0, 0),
(2416, 122013, 2, 17, 0, 0, 0, 0, 0),
(2417, 122013, 2, 18, 0, 0, 0, 0, 0),
(2418, 122013, 2, 19, 0, 0, 0, 0, 0),
(2419, 122013, 2, 20, 0, 0, 0, 0, 0),
(2420, 122013, 2, 21, 0, 0, 0, 0, 0),
(2421, 122013, 2, 22, 0, 0, 0, 0, 0),
(2422, 122013, 2, 23, 0, 0, 0, 0, 0),
(2423, 122013, 2, 24, 0, 0, 0, 0, 0),
(2424, 122013, 2, 25, 0, 0, 0, 0, 0),
(2425, 122014, 2, 2, 0, 0, 0, 0, 0),
(2426, 122014, 2, 3, 0, 0, 0, 0, 0),
(2427, 122014, 2, 4, 0, 0, 0, 0, 0),
(2428, 122014, 2, 5, 0, 0, 0, 0, 0),
(2429, 122014, 2, 6, 0, 0, 0, 0, 0),
(2430, 122014, 2, 7, 0, 0, 0, 0, 0),
(2431, 122014, 2, 8, 0, 0, 0, 0, 0),
(2432, 122014, 2, 9, 0, 0, 0, 0, 0),
(2433, 122014, 2, 10, 0, 0, 0, 0, 0),
(2434, 122014, 2, 11, 0, 0, 0, 0, 0),
(2435, 122014, 2, 12, 0, 0, 0, 0, 0),
(2436, 122014, 2, 13, 0, 0, 0, 0, 0),
(2437, 122014, 2, 14, 0, 0, 0, 0, 0),
(2438, 122014, 2, 15, 0, 0, 0, 0, 0),
(2439, 122014, 2, 16, 0, 0, 0, 0, 0),
(2440, 122014, 2, 17, 0, 0, 0, 0, 0),
(2441, 122014, 2, 18, 0, 0, 0, 0, 0),
(2442, 122014, 2, 19, 0, 0, 0, 0, 0),
(2443, 122014, 2, 20, 0, 0, 0, 0, 0),
(2444, 122014, 2, 21, 0, 0, 0, 0, 0),
(2445, 122014, 2, 22, 0, 0, 0, 0, 0),
(2446, 122014, 2, 23, 0, 0, 0, 0, 0),
(2447, 122014, 2, 24, 0, 0, 0, 0, 0),
(2448, 122014, 2, 25, 0, 0, 0, 0, 0),
(2449, 122015, 2, 2, 0, 0, 0, 0, 0),
(2450, 122015, 2, 3, 0, 0, 0, 0, 0),
(2451, 122015, 2, 4, 0, 0, 0, 0, 0),
(2452, 122015, 2, 5, 0, 0, 0, 0, 0),
(2453, 122015, 2, 6, 0, 0, 0, 0, 0),
(2454, 122015, 2, 7, 0, 0, 0, 0, 0),
(2455, 122015, 2, 8, 0, 0, 0, 0, 0),
(2456, 122015, 2, 9, 0, 0, 0, 0, 0),
(2457, 122015, 2, 10, 0, 0, 0, 0, 0),
(2458, 122015, 2, 11, 0, 0, 0, 0, 0),
(2459, 122015, 2, 12, 0, 0, 0, 0, 0),
(2460, 122015, 2, 13, 0, 0, 0, 0, 0),
(2461, 122015, 2, 14, 0, 0, 0, 0, 0),
(2462, 122015, 2, 15, 0, 0, 0, 0, 0),
(2463, 122015, 2, 16, 0, 0, 0, 0, 0),
(2464, 122015, 2, 17, 0, 0, 0, 0, 0),
(2465, 122015, 2, 18, 0, 0, 0, 0, 0),
(2466, 122015, 2, 19, 0, 0, 0, 0, 0),
(2467, 122015, 2, 20, 0, 0, 0, 0, 0),
(2468, 122015, 2, 21, 0, 0, 0, 0, 0),
(2469, 122015, 2, 22, 0, 0, 0, 0, 0),
(2470, 122015, 2, 23, 0, 0, 0, 0, 0),
(2471, 122015, 2, 24, 0, 0, 0, 0, 0),
(2472, 122015, 2, 25, 0, 0, 0, 0, 0),
(2473, 122016, 2, 2, 0, 0, 0, 0, 0),
(2474, 122016, 2, 3, 0, 0, 0, 0, 0),
(2475, 122016, 2, 4, 0, 0, 0, 0, 0),
(2476, 122016, 2, 5, 0, 0, 0, 0, 0),
(2477, 122016, 2, 6, 0, 0, 0, 0, 0),
(2478, 122016, 2, 7, 0, 0, 0, 0, 0),
(2479, 122016, 2, 8, 0, 0, 0, 0, 0),
(2480, 122016, 2, 9, 0, 0, 0, 0, 0),
(2481, 122016, 2, 10, 0, 0, 0, 0, 0),
(2482, 122016, 2, 11, 0, 0, 0, 0, 0),
(2483, 122016, 2, 12, 0, 0, 0, 0, 0),
(2484, 122016, 2, 13, 0, 0, 0, 0, 0),
(2485, 122016, 2, 14, 0, 0, 0, 0, 0),
(2486, 122016, 2, 15, 0, 0, 0, 0, 0),
(2487, 122016, 2, 16, 0, 0, 0, 0, 0),
(2488, 122016, 2, 17, 0, 0, 0, 0, 0),
(2489, 122016, 2, 18, 0, 0, 0, 0, 0),
(2490, 122016, 2, 19, 0, 0, 0, 0, 0),
(2491, 122016, 2, 20, 0, 0, 0, 0, 0),
(2492, 122016, 2, 21, 0, 0, 0, 0, 0),
(2493, 122016, 2, 22, 0, 0, 0, 0, 0),
(2494, 122016, 2, 23, 0, 0, 0, 0, 0),
(2495, 122016, 2, 24, 0, 0, 0, 0, 0),
(2496, 122016, 2, 25, 0, 0, 0, 0, 0),
(2497, 122017, 2, 2, 0, 0, 0, 0, 0),
(2498, 122017, 2, 3, 0, 0, 0, 0, 0),
(2499, 122017, 2, 4, 0, 0, 0, 0, 0),
(2500, 122017, 2, 5, 0, 0, 0, 0, 0),
(2501, 122017, 2, 6, 0, 0, 0, 0, 0),
(2502, 122017, 2, 7, 0, 0, 0, 0, 0),
(2503, 122017, 2, 8, 0, 0, 0, 0, 0),
(2504, 122017, 2, 9, 0, 0, 0, 0, 0),
(2505, 122017, 2, 10, 0, 0, 0, 0, 0),
(2506, 122017, 2, 11, 0, 0, 0, 0, 0),
(2507, 122017, 2, 12, 0, 0, 0, 0, 0),
(2508, 122017, 2, 13, 0, 0, 0, 0, 0),
(2509, 122017, 2, 14, 0, 0, 0, 0, 0),
(2510, 122017, 2, 15, 0, 0, 0, 0, 0),
(2511, 122017, 2, 16, 0, 0, 0, 0, 0),
(2512, 122017, 2, 17, 0, 0, 0, 0, 0),
(2513, 122017, 2, 18, 0, 0, 0, 0, 0),
(2514, 122017, 2, 19, 0, 0, 0, 0, 0),
(2515, 122017, 2, 20, 0, 0, 0, 0, 0),
(2516, 122017, 2, 21, 0, 0, 0, 0, 0),
(2517, 122017, 2, 22, 0, 0, 0, 0, 0),
(2518, 122017, 2, 23, 0, 0, 0, 0, 0),
(2519, 122017, 2, 24, 0, 0, 0, 0, 0),
(2520, 122017, 2, 25, 0, 0, 0, 0, 0),
(2521, 12012, 3, 26, 0, 0, 0, 0, 0),
(2522, 12012, 3, 27, 0, 0, 0, 0, 0),
(2523, 12013, 3, 26, 1, 100, 584795, 100, 600000),
(2524, 12013, 3, 27, 0, 0, 0, 0, 0),
(2525, 12014, 3, 26, 0, 0, 0, 0, 0),
(2526, 12014, 3, 27, 0, 0, 0, 0, 0),
(2527, 12015, 3, 26, 0, 0, 0, 0, 0),
(2528, 12015, 3, 27, 0, 0, 0, 0, 0),
(2529, 12016, 3, 26, 0, 0, 0, 0, 0),
(2530, 12016, 3, 27, 0, 0, 0, 0, 0),
(2531, 12017, 3, 26, 0, 0, 0, 0, 0),
(2532, 12017, 3, 27, 0, 0, 0, 0, 0),
(2533, 22012, 3, 26, 0, 0, 0, 0, 0),
(2534, 22012, 3, 27, 0, 0, 0, 0, 0),
(2535, 22013, 3, 26, 0, 0, 0, 0, 0),
(2536, 22013, 3, 27, 0, 0, 0, 0, 0),
(2537, 22014, 3, 26, 0, 0, 0, 0, 0),
(2538, 22014, 3, 27, 0, 0, 0, 0, 0),
(2539, 22015, 3, 26, 0, 0, 0, 0, 0),
(2540, 22015, 3, 27, 0, 0, 0, 0, 0),
(2541, 22016, 3, 26, 0, 0, 0, 0, 0),
(2542, 22016, 3, 27, 0, 0, 0, 0, 0),
(2543, 22017, 3, 26, 0, 0, 0, 0, 0),
(2544, 22017, 3, 27, 0, 0, 0, 0, 0),
(2545, 32012, 3, 26, 0, 0, 0, 0, 0),
(2546, 32012, 3, 27, 0, 0, 0, 0, 0),
(2547, 32013, 3, 26, 0, 0, 0, 0, 0),
(2548, 32013, 3, 27, 0, 0, 0, 0, 0),
(2549, 32014, 3, 26, 0, 0, 0, 0, 0),
(2550, 32014, 3, 27, 0, 0, 0, 0, 0),
(2551, 32015, 3, 26, 0, 0, 0, 0, 0),
(2552, 32015, 3, 27, 0, 0, 0, 0, 0),
(2553, 32016, 3, 26, 0, 0, 0, 0, 0),
(2554, 32016, 3, 27, 0, 0, 0, 0, 0),
(2555, 32017, 3, 26, 0, 0, 0, 0, 0),
(2556, 32017, 3, 27, 0, 0, 0, 0, 0),
(2557, 42012, 3, 26, 0, 0, 0, 0, 0),
(2558, 42012, 3, 27, 0, 0, 0, 0, 0),
(2559, 42013, 3, 26, 0, 0, 0, 0, 0),
(2560, 42013, 3, 27, 0, 0, 0, 0, 0),
(2561, 42014, 3, 26, 0, 0, 0, 0, 0),
(2562, 42014, 3, 27, 0, 0, 0, 0, 0),
(2563, 42015, 3, 26, 0, 0, 0, 0, 0),
(2564, 42015, 3, 27, 0, 0, 0, 0, 0),
(2565, 42016, 3, 26, 0, 0, 0, 0, 0),
(2566, 42016, 3, 27, 0, 0, 0, 0, 0),
(2567, 42017, 3, 26, 0, 0, 0, 0, 0),
(2568, 42017, 3, 27, 0, 0, 0, 0, 0),
(2569, 52012, 3, 26, 0, 0, 0, 0, 0),
(2570, 52012, 3, 27, 0, 0, 0, 0, 0),
(2571, 52013, 3, 26, 0, 0, 0, 0, 0),
(2572, 52013, 3, 27, 0, 0, 0, 0, 0),
(2573, 52014, 3, 26, 0, 0, 0, 0, 0),
(2574, 52014, 3, 27, 0, 0, 0, 0, 0),
(2575, 52015, 3, 26, 0, 0, 0, 0, 0),
(2576, 52015, 3, 27, 0, 0, 0, 0, 0),
(2577, 52016, 3, 26, 0, 0, 0, 0, 0),
(2578, 52016, 3, 27, 0, 0, 0, 0, 0),
(2579, 52017, 3, 26, 0, 0, 0, 0, 0),
(2580, 52017, 3, 27, 0, 0, 0, 0, 0),
(2581, 62012, 3, 26, 0, 0, 0, 0, 0),
(2582, 62012, 3, 27, 0, 0, 0, 0, 0),
(2583, 62013, 3, 26, 0, 0, 0, 0, 0),
(2584, 62013, 3, 27, 0, 0, 0, 0, 0),
(2585, 62014, 3, 26, 0, 0, 0, 0, 0),
(2586, 62014, 3, 27, 0, 0, 0, 0, 0),
(2587, 62015, 3, 26, 0, 0, 0, 0, 0),
(2588, 62015, 3, 27, 0, 0, 0, 0, 0),
(2589, 62016, 3, 26, 0, 0, 0, 0, 0),
(2590, 62016, 3, 27, 0, 0, 0, 0, 0),
(2591, 62017, 3, 26, 0, 0, 0, 0, 0),
(2592, 62017, 3, 27, 0, 0, 0, 0, 0),
(2593, 72012, 3, 26, 0, 0, 0, 0, 0),
(2594, 72012, 3, 27, 0, 0, 0, 0, 0),
(2595, 72013, 3, 26, 0, 0, 0, 0, 0),
(2596, 72013, 3, 27, 0, 0, 0, 0, 0),
(2597, 72014, 3, 26, 0, 0, 0, 0, 0),
(2598, 72014, 3, 27, 0, 0, 0, 0, 0),
(2599, 72015, 3, 26, 0, 0, 0, 0, 0),
(2600, 72015, 3, 27, 0, 0, 0, 0, 0),
(2601, 72016, 3, 26, 0, 0, 0, 0, 0),
(2602, 72016, 3, 27, 0, 0, 0, 0, 0),
(2603, 72017, 3, 26, 0, 0, 0, 0, 0),
(2604, 72017, 3, 27, 0, 0, 0, 0, 0),
(2605, 82012, 3, 26, 0, 0, 0, 0, 0),
(2606, 82012, 3, 27, 0, 0, 0, 0, 0),
(2607, 82013, 3, 26, 0, 0, 0, 0, 0),
(2608, 82013, 3, 27, 0, 0, 0, 0, 0),
(2609, 82014, 3, 26, 0, 0, 0, 0, 0),
(2610, 82014, 3, 27, 0, 0, 0, 0, 0),
(2611, 82015, 3, 26, 0, 0, 0, 0, 0),
(2612, 82015, 3, 27, 0, 0, 0, 0, 0),
(2613, 82016, 3, 26, 0, 0, 0, 0, 0),
(2614, 82016, 3, 27, 0, 0, 0, 0, 0),
(2615, 82017, 3, 26, 0, 0, 0, 0, 0),
(2616, 82017, 3, 27, 0, 0, 0, 0, 0),
(2617, 92012, 3, 26, 0, 0, 0, 0, 0),
(2618, 92012, 3, 27, 0, 0, 0, 0, 0),
(2619, 92013, 3, 26, 0, 0, 0, 0, 0),
(2620, 92013, 3, 27, 0, 0, 0, 0, 0),
(2621, 92014, 3, 26, 0, 0, 0, 0, 0),
(2622, 92014, 3, 27, 0, 0, 0, 0, 0),
(2623, 92015, 3, 26, 0, 0, 0, 0, 0),
(2624, 92015, 3, 27, 0, 0, 0, 0, 0),
(2625, 92016, 3, 26, 0, 0, 0, 0, 0),
(2626, 92016, 3, 27, 0, 0, 0, 0, 0),
(2627, 92017, 3, 26, 0, 0, 0, 0, 0),
(2628, 92017, 3, 27, 0, 0, 0, 0, 0),
(2629, 102012, 3, 26, 0, 0, 0, 0, 0),
(2630, 102012, 3, 27, 0, 0, 0, 0, 0),
(2631, 102013, 3, 26, 0, 0, 0, 0, 0),
(2632, 102013, 3, 27, 0, 0, 0, 0, 0),
(2633, 102014, 3, 26, 0, 0, 0, 0, 0),
(2634, 102014, 3, 27, 0, 0, 0, 0, 0),
(2635, 102015, 3, 26, 0, 0, 0, 0, 0),
(2636, 102015, 3, 27, 0, 0, 0, 0, 0),
(2637, 102016, 3, 26, 0, 0, 0, 0, 0),
(2638, 102016, 3, 27, 0, 0, 0, 0, 0),
(2639, 102017, 3, 26, 0, 0, 0, 0, 0),
(2640, 102017, 3, 27, 0, 0, 0, 0, 0),
(2641, 112012, 3, 26, 0, 0, 0, 0, 0),
(2642, 112012, 3, 27, 0, 0, 0, 0, 0),
(2643, 112013, 3, 26, 0, 0, 0, 0, 0),
(2644, 112013, 3, 27, 0, 0, 0, 0, 0),
(2645, 112014, 3, 26, 0, 0, 0, 0, 0),
(2646, 112014, 3, 27, 0, 0, 0, 0, 0),
(2647, 112015, 3, 26, 0, 0, 0, 0, 0),
(2648, 112015, 3, 27, 0, 0, 0, 0, 0),
(2649, 112016, 3, 26, 0, 0, 0, 0, 0),
(2650, 112016, 3, 27, 0, 0, 0, 0, 0),
(2651, 112017, 3, 26, 0, 0, 0, 0, 0),
(2652, 112017, 3, 27, 0, 0, 0, 0, 0),
(2653, 122012, 3, 26, 0, 0, 0, 0, 0),
(2654, 122012, 3, 27, 0, 0, 0, 0, 0),
(2655, 122013, 3, 26, 0, 0, 0, 0, 0),
(2656, 122013, 3, 27, 0, 0, 0, 0, 0),
(2657, 122014, 3, 26, 0, 0, 0, 0, 0),
(2658, 122014, 3, 27, 0, 0, 0, 0, 0),
(2659, 122015, 3, 26, 0, 0, 0, 0, 0),
(2660, 122015, 3, 27, 0, 0, 0, 0, 0),
(2661, 122016, 3, 26, 0, 0, 0, 0, 0),
(2662, 122016, 3, 27, 0, 0, 0, 0, 0),
(2663, 122017, 3, 26, 0, 0, 0, 0, 0),
(2664, 122017, 3, 27, 0, 0, 0, 0, 0),
(2665, 12012, 4, 1, 0, 0, 0, 0, 0),
(2666, 12013, 4, 1, 0.116959, 12, 1169590, 12, 1200000),
(2667, 12014, 4, 1, 0, 0, 0, 0, 0),
(2668, 12015, 4, 1, 0, 0, 0, 0, 0),
(2669, 12016, 4, 1, 0, 0, 0, 0, 0),
(2670, 12017, 4, 1, 0, 0, 0, 0, 0),
(2671, 22012, 4, 1, 0, 0, 0, 0, 0),
(2672, 22013, 4, 1, 0, 0, 0, 0, 0),
(2673, 22014, 4, 1, 0, 0, 0, 0, 0),
(2674, 22015, 4, 1, 0, 0, 0, 0, 0),
(2675, 22016, 4, 1, 0, 0, 0, 0, 0),
(2676, 22017, 4, 1, 0, 0, 0, 0, 0),
(2677, 32012, 4, 1, 0, 0, 0, 0, 0),
(2678, 32013, 4, 1, 0, 0, 0, 0, 0),
(2679, 32014, 4, 1, 0, 0, 0, 0, 0),
(2680, 32015, 4, 1, 0, 0, 0, 0, 0),
(2681, 32016, 4, 1, 0, 0, 0, 0, 0),
(2682, 32017, 4, 1, 0, 0, 0, 0, 0),
(2683, 42012, 4, 1, 0, 0, 0, 0, 0),
(2684, 42013, 4, 1, 0, 0, 0, 0, 0),
(2685, 42014, 4, 1, 0, 0, 0, 0, 0),
(2686, 42015, 4, 1, 0, 0, 0, 0, 0),
(2687, 42016, 4, 1, 0, 0, 0, 0, 0),
(2688, 42017, 4, 1, 0, 0, 0, 0, 0),
(2689, 52012, 4, 1, 0, 0, 0, 0, 0),
(2690, 52013, 4, 1, 0, 0, 0, 0, 0),
(2691, 52014, 4, 1, 0, 0, 0, 0, 0),
(2692, 52015, 4, 1, 0, 0, 0, 0, 0),
(2693, 52016, 4, 1, 0, 0, 0, 0, 0),
(2694, 52017, 4, 1, 0, 0, 0, 0, 0),
(2695, 62012, 4, 1, 0, 0, 0, 0, 0),
(2696, 62013, 4, 1, 0, 0, 0, 0, 0),
(2697, 62014, 4, 1, 0, 0, 0, 0, 0),
(2698, 62015, 4, 1, 0, 0, 0, 0, 0),
(2699, 62016, 4, 1, 0, 0, 0, 0, 0),
(2700, 62017, 4, 1, 0, 0, 0, 0, 0),
(2701, 72012, 4, 1, 0, 0, 0, 0, 0),
(2702, 72013, 4, 1, 0, 0, 0, 0, 0),
(2703, 72014, 4, 1, 0, 0, 0, 0, 0),
(2704, 72015, 4, 1, 0, 0, 0, 0, 0),
(2705, 72016, 4, 1, 0, 0, 0, 0, 0),
(2706, 72017, 4, 1, 0, 0, 0, 0, 0),
(2707, 82012, 4, 1, 0, 0, 0, 0, 0),
(2708, 82013, 4, 1, 0, 0, 0, 0, 0),
(2709, 82014, 4, 1, 0, 0, 0, 0, 0),
(2710, 82015, 4, 1, 0, 0, 0, 0, 0),
(2711, 82016, 4, 1, 0, 0, 0, 0, 0),
(2712, 82017, 4, 1, 0, 0, 0, 0, 0),
(2713, 92012, 4, 1, 0, 0, 0, 0, 0),
(2714, 92013, 4, 1, 0, 0, 0, 0, 0),
(2715, 92014, 4, 1, 0, 0, 0, 0, 0),
(2716, 92015, 4, 1, 0, 0, 0, 0, 0),
(2717, 92016, 4, 1, 0, 0, 0, 0, 0),
(2718, 92017, 4, 1, 0, 0, 0, 0, 0),
(2719, 102012, 4, 1, 0, 0, 0, 0, 0),
(2720, 102013, 4, 1, 0, 0, 0, 0, 0),
(2721, 102014, 4, 1, 0, 0, 0, 0, 0),
(2722, 102015, 4, 1, 0, 0, 0, 0, 0),
(2723, 102016, 4, 1, 0, 0, 0, 0, 0),
(2724, 102017, 4, 1, 0, 0, 0, 0, 0),
(2725, 112012, 4, 1, 0, 0, 0, 0, 0),
(2726, 112013, 4, 1, 0, 0, 0, 0, 0),
(2727, 112014, 4, 1, 0, 0, 0, 0, 0),
(2728, 112015, 4, 1, 0, 0, 0, 0, 0),
(2729, 112016, 4, 1, 0, 0, 0, 0, 0),
(2730, 112017, 4, 1, 0, 0, 0, 0, 0),
(2731, 122012, 4, 1, 0, 0, 0, 0, 0),
(2732, 122013, 4, 1, 0, 0, 0, 0, 0),
(2733, 122014, 4, 1, 0, 0, 0, 0, 0),
(2734, 122015, 4, 1, 0, 0, 0, 0, 0),
(2735, 122016, 4, 1, 0, 0, 0, 0, 0),
(2736, 122017, 4, 1, 0, 0, 0, 0, 0),
(2737, 12012, 5, 28, 0, 0, 0, 0, 0),
(2738, 12013, 5, 28, 0.116959, 12, 292398, 3, 300000),
(2739, 12014, 5, 28, 0, 0, 0, 0, 0),
(2740, 12015, 5, 28, 0, 0, 0, 0, 0),
(2741, 12016, 5, 28, 0, 0, 0, 0, 0),
(2742, 12017, 5, 28, 0, 0, 0, 0, 0),
(2743, 22012, 5, 28, 0, 0, 0, 0, 0),
(2744, 22013, 5, 28, 0, 0, 0, 0, 0),
(2745, 22014, 5, 28, 0, 0, 0, 0, 0),
(2746, 22015, 5, 28, 0, 0, 0, 0, 0),
(2747, 22016, 5, 28, 0, 0, 0, 0, 0),
(2748, 22017, 5, 28, 0, 0, 0, 0, 0),
(2749, 32012, 5, 28, 0, 0, 0, 0, 0),
(2750, 32013, 5, 28, 0, 0, 0, 0, 0),
(2751, 32014, 5, 28, 0, 0, 0, 0, 0),
(2752, 32015, 5, 28, 0, 0, 0, 0, 0),
(2753, 32016, 5, 28, 0, 0, 0, 0, 0),
(2754, 32017, 5, 28, 0, 0, 0, 0, 0),
(2755, 42012, 5, 28, 0, 0, 0, 0, 0),
(2756, 42013, 5, 28, 0, 0, 0, 0, 0),
(2757, 42014, 5, 28, 0, 0, 0, 0, 0),
(2758, 42015, 5, 28, 0, 0, 0, 0, 0),
(2759, 42016, 5, 28, 0, 0, 0, 0, 0),
(2760, 42017, 5, 28, 0, 0, 0, 0, 0),
(2761, 52012, 5, 28, 0, 0, 0, 0, 0),
(2762, 52013, 5, 28, 0, 0, 0, 0, 0),
(2763, 52014, 5, 28, 0, 0, 0, 0, 0),
(2764, 52015, 5, 28, 0, 0, 0, 0, 0),
(2765, 52016, 5, 28, 0, 0, 0, 0, 0),
(2766, 52017, 5, 28, 0, 0, 0, 0, 0),
(2767, 62012, 5, 28, 0, 0, 0, 0, 0),
(2768, 62013, 5, 28, 0, 0, 0, 0, 0),
(2769, 62014, 5, 28, 0, 0, 0, 0, 0),
(2770, 62015, 5, 28, 0, 0, 0, 0, 0),
(2771, 62016, 5, 28, 0, 0, 0, 0, 0),
(2772, 62017, 5, 28, 0, 0, 0, 0, 0),
(2773, 72012, 5, 28, 0, 0, 0, 0, 0),
(2774, 72013, 5, 28, 0, 0, 0, 0, 0),
(2775, 72014, 5, 28, 0, 0, 0, 0, 0),
(2776, 72015, 5, 28, 0, 0, 0, 0, 0),
(2777, 72016, 5, 28, 0, 0, 0, 0, 0),
(2778, 72017, 5, 28, 0, 0, 0, 0, 0),
(2779, 82012, 5, 28, 0, 0, 0, 0, 0),
(2780, 82013, 5, 28, 0, 0, 0, 0, 0),
(2781, 82014, 5, 28, 0, 0, 0, 0, 0),
(2782, 82015, 5, 28, 0, 0, 0, 0, 0),
(2783, 82016, 5, 28, 0, 0, 0, 0, 0),
(2784, 82017, 5, 28, 0, 0, 0, 0, 0),
(2785, 92012, 5, 28, 0, 0, 0, 0, 0),
(2786, 92013, 5, 28, 0, 0, 0, 0, 0),
(2787, 92014, 5, 28, 0, 0, 0, 0, 0),
(2788, 92015, 5, 28, 0, 0, 0, 0, 0),
(2789, 92016, 5, 28, 0, 0, 0, 0, 0),
(2790, 92017, 5, 28, 0, 0, 0, 0, 0),
(2791, 102012, 5, 28, 0, 0, 0, 0, 0),
(2792, 102013, 5, 28, 0, 0, 0, 0, 0),
(2793, 102014, 5, 28, 0, 0, 0, 0, 0),
(2794, 102015, 5, 28, 0, 0, 0, 0, 0),
(2795, 102016, 5, 28, 0, 0, 0, 0, 0),
(2796, 102017, 5, 28, 0, 0, 0, 0, 0),
(2797, 112012, 5, 28, 0, 0, 0, 0, 0),
(2798, 112013, 5, 28, 0, 0, 0, 0, 0),
(2799, 112014, 5, 28, 0, 0, 0, 0, 0),
(2800, 112015, 5, 28, 0, 0, 0, 0, 0),
(2801, 112016, 5, 28, 0, 0, 0, 0, 0),
(2802, 112017, 5, 28, 0, 0, 0, 0, 0),
(2803, 122012, 5, 28, 0, 0, 0, 0, 0),
(2804, 122013, 5, 28, 0, 0, 0, 0, 0),
(2805, 122014, 5, 28, 0, 0, 0, 0, 0),
(2806, 122015, 5, 28, 0, 0, 0, 0, 0),
(2807, 122016, 5, 28, 0, 0, 0, 0, 0),
(2808, 122017, 5, 28, 0, 0, 0, 0, 0);

-- --------------------------------------------------------

--
-- Struktur dari tabel `bulan`
--

CREATE TABLE IF NOT EXISTS `bulan` (
  `id` int(1) NOT NULL AUTO_INCREMENT,
  `nama_bulan` varchar(9) NOT NULL,
  `link` varchar(9) NOT NULL,
  PRIMARY KEY (`id`)
) ENGINE=InnoDB  DEFAULT CHARSET=latin1 AUTO_INCREMENT=13 ;

--
-- Dumping data untuk tabel `bulan`
--

INSERT INTO `bulan` (`id`, `nama_bulan`, `link`) VALUES
(1, 'Januari', 'januari'),
(2, 'Februari', 'februari'),
(3, 'Maret', 'maret'),
(4, 'April', 'april'),
(5, 'Mei', 'mei'),
(6, 'Juni', 'juni'),
(7, 'Juli', 'juli'),
(8, 'Agustus', 'agustus'),
(9, 'September', 'september'),
(10, 'Oktober', 'oktober'),
(11, 'November', 'november'),
(12, 'Desember', 'desember');

-- --------------------------------------------------------

--
-- Struktur dari tabel `data_keuangan`
--

CREATE TABLE IF NOT EXISTS `data_keuangan` (
  `id` int(5) NOT NULL DEFAULT '0',
  `bulan` int(2) NOT NULL DEFAULT '0',
  `tahun` int(4) NOT NULL,
  `status` int(1) NOT NULL DEFAULT '0',
  `status_rencana` int(1) NOT NULL,
  `status_setuju` int(1) NOT NULL,
  `catatan` text NOT NULL,
  `jml_bp` int(7) NOT NULL DEFAULT '0',
  `jml_bb` int(7) NOT NULL DEFAULT '0',
  `jml_bpr` int(7) NOT NULL DEFAULT '0',
  `jml_bll` int(7) NOT NULL DEFAULT '0',
  `jml_total` int(7) NOT NULL DEFAULT '0',
  `total_rencana_pengeluaran` float NOT NULL,
  `last_update_by` varchar(14) NOT NULL,
  `last_update_at` varchar(20) NOT NULL,
  `rencana_last_update_by` varchar(14) NOT NULL,
  `rencana_last_update_at` varchar(19) NOT NULL,
  PRIMARY KEY (`id`)
) ENGINE=InnoDB DEFAULT CHARSET=latin1;

--
-- Dumping data untuk tabel `data_keuangan`
--

INSERT INTO `data_keuangan` (`id`, `bulan`, `tahun`, `status`, `status_rencana`, `status_setuju`, `catatan`, `jml_bp`, `jml_bb`, `jml_bpr`, `jml_bll`, `jml_total`, `total_rencana_pengeluaran`, `last_update_by`, `last_update_at`, `rencana_last_update_by`, `rencana_last_update_at`) VALUES
(12012, 1, 1, 1, 0, 0, 'okeh', 1000000, 6800000, 500000, 250000, 8550000, 0, '1', '2013-09-16 11:28 PM', '', ''),
(12013, 1, 2, 0, 1, 0, '', 0, 0, 0, 0, 0, 10000000, '0', '2013-09-16 08:39 PM', 'Bendahara', '2013-09-16 11:35 PM'),
(12014, 1, 3, 0, 0, 0, '', 0, 0, 0, 0, 0, 0, '', '', '', ''),
(12015, 1, 4, 0, 0, 0, '', 0, 0, 0, 0, 0, 0, '', '', '', ''),
(12016, 1, 5, 0, 0, 0, '', 0, 0, 0, 0, 0, 0, '', '', '', ''),
(12017, 1, 6, 0, 0, 0, '', 0, 0, 0, 0, 0, 0, '', '', '', ''),
(22012, 2, 1, 0, 0, 0, '', 0, 0, 0, 0, 0, 0, '0', '2013-09-16 08:40 PM', '', ''),
(22013, 2, 2, 0, 0, 0, '', 0, 0, 0, 0, 0, 0, '', '', '', ''),
(22014, 2, 3, 0, 0, 0, '', 0, 0, 0, 0, 0, 0, '', '', '', ''),
(22015, 2, 4, 0, 0, 0, '', 0, 0, 0, 0, 0, 0, '', '', '', ''),
(22016, 2, 5, 0, 0, 0, '', 0, 0, 0, 0, 0, 0, '', '', '', ''),
(22017, 2, 6, 0, 0, 0, '', 0, 0, 0, 0, 0, 0, '', '', '', ''),
(32012, 3, 1, 0, 0, 0, '', 0, 0, 0, 0, 0, 0, '', '', '', ''),
(32013, 3, 2, 0, 0, 0, '', 0, 0, 0, 0, 0, 0, '', '', '', ''),
(32014, 3, 3, 0, 0, 0, '', 0, 0, 0, 0, 0, 0, '', '', '', ''),
(32015, 3, 4, 0, 0, 0, '', 0, 0, 0, 0, 0, 0, '', '', '', ''),
(32016, 3, 5, 0, 0, 0, '', 0, 0, 0, 0, 0, 0, '', '', '', ''),
(32017, 3, 6, 0, 0, 0, '', 0, 0, 0, 0, 0, 0, '', '', '', ''),
(42012, 4, 1, 0, 0, 0, '', 0, 0, 0, 0, 0, 0, '', '', '', ''),
(42013, 4, 2, 0, 0, 0, '', 0, 0, 0, 0, 0, 0, '', '', '', ''),
(42014, 4, 3, 0, 0, 0, '', 0, 0, 0, 0, 0, 0, '', '', '', ''),
(42015, 4, 4, 0, 0, 0, '', 0, 0, 0, 0, 0, 0, '', '', '', ''),
(42016, 4, 5, 0, 0, 0, '', 0, 0, 0, 0, 0, 0, '', '', '', ''),
(42017, 4, 6, 0, 0, 0, '', 0, 0, 0, 0, 0, 0, '', '', '', ''),
(52012, 5, 1, 0, 0, 0, '', 0, 0, 0, 0, 0, 0, '', '', '', ''),
(52013, 5, 2, 0, 0, 0, '', 0, 0, 0, 0, 0, 0, '', '', '', ''),
(52014, 5, 3, 0, 0, 0, '', 0, 0, 0, 0, 0, 0, '', '', '', ''),
(52015, 5, 4, 0, 0, 0, '', 0, 0, 0, 0, 0, 0, '', '', '', ''),
(52016, 5, 5, 0, 0, 0, '', 0, 0, 0, 0, 0, 0, '', '', '', ''),
(52017, 5, 6, 0, 0, 0, '', 0, 0, 0, 0, 0, 0, '', '', '', ''),
(62012, 6, 1, 0, 0, 0, '', 0, 0, 0, 0, 0, 0, '', '', '', ''),
(62013, 6, 2, 0, 0, 0, '', 0, 0, 0, 0, 0, 0, '', '', '', ''),
(62014, 6, 3, 0, 0, 0, '', 0, 0, 0, 0, 0, 0, '', '', '', ''),
(62015, 6, 4, 0, 0, 0, '', 0, 0, 0, 0, 0, 0, '', '', '', ''),
(62016, 6, 5, 0, 0, 0, '', 0, 0, 0, 0, 0, 0, '', '', '', ''),
(62017, 6, 6, 0, 0, 0, '', 0, 0, 0, 0, 0, 0, '', '', '', ''),
(72012, 7, 1, 0, 0, 0, '', 0, 0, 0, 0, 0, 0, '', '', '', ''),
(72013, 7, 2, 0, 0, 0, '', 0, 0, 0, 0, 0, 0, '', '', '', ''),
(72014, 7, 3, 0, 0, 0, '', 0, 0, 0, 0, 0, 0, '', '', '', ''),
(72015, 7, 4, 0, 0, 0, '', 0, 0, 0, 0, 0, 0, '', '', '', ''),
(72016, 7, 5, 0, 0, 0, '', 0, 0, 0, 0, 0, 0, '', '', '', ''),
(72017, 7, 6, 0, 0, 0, '', 0, 0, 0, 0, 0, 0, '', '', '', ''),
(82012, 8, 1, 0, 0, 0, '', 0, 0, 0, 0, 0, 0, '', '', '', ''),
(82013, 8, 2, 0, 0, 0, '', 0, 0, 0, 0, 0, 0, '', '', '', ''),
(82014, 8, 3, 0, 0, 0, '', 0, 0, 0, 0, 0, 0, '', '', '', ''),
(82015, 8, 4, 0, 0, 0, '', 0, 0, 0, 0, 0, 0, '', '', '', ''),
(82016, 8, 5, 0, 0, 0, '', 0, 0, 0, 0, 0, 0, '', '', '', ''),
(82017, 8, 6, 0, 0, 0, '', 0, 0, 0, 0, 0, 0, '', '', '', ''),
(92012, 9, 1, 0, 0, 0, '', 0, 0, 0, 0, 0, 0, '', '', '', ''),
(92013, 9, 2, 0, 0, 0, '', 0, 0, 0, 0, 0, 0, '', '', '', ''),
(92014, 9, 3, 0, 0, 0, '', 0, 0, 0, 0, 0, 0, '', '', '', ''),
(92015, 9, 4, 0, 0, 0, '', 0, 0, 0, 0, 0, 0, '', '', '', ''),
(92016, 9, 5, 0, 0, 0, '', 0, 0, 0, 0, 0, 0, '', '', '', ''),
(92017, 9, 6, 0, 0, 0, '', 0, 0, 0, 0, 0, 0, '', '', '', ''),
(102012, 10, 1, 0, 0, 0, '', 0, 0, 0, 0, 0, 0, '', '', '', ''),
(102013, 10, 2, 0, 0, 0, '', 0, 0, 0, 0, 0, 0, '', '', '', ''),
(102014, 10, 3, 0, 0, 0, '', 0, 0, 0, 0, 0, 0, '', '', '', ''),
(102015, 10, 4, 0, 0, 0, '', 0, 0, 0, 0, 0, 0, '', '', '', ''),
(102016, 10, 5, 0, 0, 0, '', 0, 0, 0, 0, 0, 0, '', '', '', ''),
(102017, 10, 6, 0, 0, 0, '', 0, 0, 0, 0, 0, 0, '', '', '', ''),
(112012, 11, 1, 0, 0, 0, '', 0, 0, 0, 0, 0, 0, '', '', '', ''),
(112013, 11, 2, 0, 0, 0, '', 0, 0, 0, 0, 0, 0, '', '', '', ''),
(112014, 11, 3, 0, 0, 0, '', 0, 0, 0, 0, 0, 0, '', '', '', ''),
(112015, 11, 4, 0, 0, 0, '', 0, 0, 0, 0, 0, 0, '', '', '', ''),
(112016, 11, 5, 0, 0, 0, '', 0, 0, 0, 0, 0, 0, '', '', '', ''),
(112017, 11, 6, 0, 0, 0, '', 0, 0, 0, 0, 0, 0, '', '', '', ''),
(122012, 12, 1, 0, 0, 0, '', 0, 0, 0, 0, 0, 0, '', '', '', ''),
(122013, 12, 2, 0, 0, 0, '', 0, 0, 0, 0, 0, 0, '', '', '', ''),
(122014, 12, 3, 0, 0, 0, '', 0, 0, 0, 0, 0, 0, '', '', '', ''),
(122015, 12, 4, 0, 0, 0, '', 0, 0, 0, 0, 0, 0, '', '', '', ''),
(122016, 12, 5, 0, 0, 0, '', 0, 0, 0, 0, 0, 0, '', '', '', ''),
(122017, 12, 6, 0, 0, 0, '', 0, 0, 0, 0, 0, 0, '', '', '', '');

-- --------------------------------------------------------

--
-- Struktur dari tabel `detail_data_keuangan`
--

CREATE TABLE IF NOT EXISTS `detail_data_keuangan` (
  `id` int(4) NOT NULL AUTO_INCREMENT,
  `id_data_keu` int(5) NOT NULL,
  `tipe_prioritas` int(1) NOT NULL,
  `id_pengeluaran` int(2) NOT NULL,
  `nominal` float NOT NULL,
  PRIMARY KEY (`id`)
) ENGINE=InnoDB  DEFAULT CHARSET=latin1 AUTO_INCREMENT=2809 ;

--
-- Dumping data untuk tabel `detail_data_keuangan`
--

INSERT INTO `detail_data_keuangan` (`id`, `id_data_keu`, `tipe_prioritas`, `id_pengeluaran`, `nominal`) VALUES
(1, 12012, 1, 29, 0),
(2, 12012, 1, 30, 0),
(3, 12012, 1, 31, 0),
(4, 12012, 1, 32, 0),
(5, 12013, 1, 29, 0),
(6, 12013, 1, 30, 0),
(7, 12013, 1, 31, 0),
(8, 12013, 1, 32, 0),
(9, 12014, 1, 29, 0),
(10, 12014, 1, 30, 0),
(11, 12014, 1, 31, 0),
(12, 12014, 1, 32, 0),
(13, 12015, 1, 29, 0),
(14, 12015, 1, 30, 0),
(15, 12015, 1, 31, 0),
(16, 12015, 1, 32, 0),
(17, 12016, 1, 29, 0),
(18, 12016, 1, 30, 0),
(19, 12016, 1, 31, 0),
(20, 12016, 1, 32, 0),
(21, 12017, 1, 29, 0),
(22, 12017, 1, 30, 0),
(23, 12017, 1, 31, 0),
(24, 12017, 1, 32, 0),
(25, 22012, 1, 29, 0),
(26, 22012, 1, 30, 0),
(27, 22012, 1, 31, 0),
(28, 22012, 1, 32, 0),
(29, 22013, 1, 29, 0),
(30, 22013, 1, 30, 0),
(31, 22013, 1, 31, 0),
(32, 22013, 1, 32, 0),
(33, 22014, 1, 29, 0),
(34, 22014, 1, 30, 0),
(35, 22014, 1, 31, 0),
(36, 22014, 1, 32, 0),
(37, 22015, 1, 29, 0),
(38, 22015, 1, 30, 0),
(39, 22015, 1, 31, 0),
(40, 22015, 1, 32, 0),
(41, 22016, 1, 29, 0),
(42, 22016, 1, 30, 0),
(43, 22016, 1, 31, 0),
(44, 22016, 1, 32, 0),
(45, 22017, 1, 29, 0),
(46, 22017, 1, 30, 0),
(47, 22017, 1, 31, 0),
(48, 22017, 1, 32, 0),
(49, 32012, 1, 29, 0),
(50, 32012, 1, 30, 0),
(51, 32012, 1, 31, 0),
(52, 32012, 1, 32, 0),
(53, 32013, 1, 29, 0),
(54, 32013, 1, 30, 0),
(55, 32013, 1, 31, 0),
(56, 32013, 1, 32, 0),
(57, 32014, 1, 29, 0),
(58, 32014, 1, 30, 0),
(59, 32014, 1, 31, 0),
(60, 32014, 1, 32, 0),
(61, 32015, 1, 29, 0),
(62, 32015, 1, 30, 0),
(63, 32015, 1, 31, 0),
(64, 32015, 1, 32, 0),
(65, 32016, 1, 29, 0),
(66, 32016, 1, 30, 0),
(67, 32016, 1, 31, 0),
(68, 32016, 1, 32, 0),
(69, 32017, 1, 29, 0),
(70, 32017, 1, 30, 0),
(71, 32017, 1, 31, 0),
(72, 32017, 1, 32, 0),
(73, 42012, 1, 29, 0),
(74, 42012, 1, 30, 0),
(75, 42012, 1, 31, 0),
(76, 42012, 1, 32, 0),
(77, 42013, 1, 29, 0),
(78, 42013, 1, 30, 0),
(79, 42013, 1, 31, 0),
(80, 42013, 1, 32, 0),
(81, 42014, 1, 29, 0),
(82, 42014, 1, 30, 0),
(83, 42014, 1, 31, 0),
(84, 42014, 1, 32, 0),
(85, 42015, 1, 29, 0),
(86, 42015, 1, 30, 0),
(87, 42015, 1, 31, 0),
(88, 42015, 1, 32, 0),
(89, 42016, 1, 29, 0),
(90, 42016, 1, 30, 0),
(91, 42016, 1, 31, 0),
(92, 42016, 1, 32, 0),
(93, 42017, 1, 29, 0),
(94, 42017, 1, 30, 0),
(95, 42017, 1, 31, 0),
(96, 42017, 1, 32, 0),
(97, 52012, 1, 29, 0),
(98, 52012, 1, 30, 0),
(99, 52012, 1, 31, 0),
(100, 52012, 1, 32, 0),
(101, 52013, 1, 29, 0),
(102, 52013, 1, 30, 0),
(103, 52013, 1, 31, 0),
(104, 52013, 1, 32, 0),
(105, 52014, 1, 29, 0),
(106, 52014, 1, 30, 0),
(107, 52014, 1, 31, 0),
(108, 52014, 1, 32, 0),
(109, 52015, 1, 29, 0),
(110, 52015, 1, 30, 0),
(111, 52015, 1, 31, 0),
(112, 52015, 1, 32, 0),
(113, 52016, 1, 29, 0),
(114, 52016, 1, 30, 0),
(115, 52016, 1, 31, 0),
(116, 52016, 1, 32, 0),
(117, 52017, 1, 29, 0),
(118, 52017, 1, 30, 0),
(119, 52017, 1, 31, 0),
(120, 52017, 1, 32, 0),
(121, 62012, 1, 29, 0),
(122, 62012, 1, 30, 0),
(123, 62012, 1, 31, 0),
(124, 62012, 1, 32, 0),
(125, 62013, 1, 29, 0),
(126, 62013, 1, 30, 0),
(127, 62013, 1, 31, 0),
(128, 62013, 1, 32, 0),
(129, 62014, 1, 29, 0),
(130, 62014, 1, 30, 0),
(131, 62014, 1, 31, 0),
(132, 62014, 1, 32, 0),
(133, 62015, 1, 29, 0),
(134, 62015, 1, 30, 0),
(135, 62015, 1, 31, 0),
(136, 62015, 1, 32, 0),
(137, 62016, 1, 29, 0),
(138, 62016, 1, 30, 0),
(139, 62016, 1, 31, 0),
(140, 62016, 1, 32, 0),
(141, 62017, 1, 29, 0),
(142, 62017, 1, 30, 0),
(143, 62017, 1, 31, 0),
(144, 62017, 1, 32, 0),
(145, 72012, 1, 29, 0),
(146, 72012, 1, 30, 0),
(147, 72012, 1, 31, 0),
(148, 72012, 1, 32, 0),
(149, 72013, 1, 29, 0),
(150, 72013, 1, 30, 0),
(151, 72013, 1, 31, 0),
(152, 72013, 1, 32, 0),
(153, 72014, 1, 29, 0),
(154, 72014, 1, 30, 0),
(155, 72014, 1, 31, 0),
(156, 72014, 1, 32, 0),
(157, 72015, 1, 29, 0),
(158, 72015, 1, 30, 0),
(159, 72015, 1, 31, 0),
(160, 72015, 1, 32, 0),
(161, 72016, 1, 29, 0),
(162, 72016, 1, 30, 0),
(163, 72016, 1, 31, 0),
(164, 72016, 1, 32, 0),
(165, 72017, 1, 29, 0),
(166, 72017, 1, 30, 0),
(167, 72017, 1, 31, 0),
(168, 72017, 1, 32, 0),
(169, 82012, 1, 29, 0),
(170, 82012, 1, 30, 0),
(171, 82012, 1, 31, 0),
(172, 82012, 1, 32, 0),
(173, 82013, 1, 29, 0),
(174, 82013, 1, 30, 0),
(175, 82013, 1, 31, 0),
(176, 82013, 1, 32, 0),
(177, 82014, 1, 29, 0),
(178, 82014, 1, 30, 0),
(179, 82014, 1, 31, 0),
(180, 82014, 1, 32, 0),
(181, 82015, 1, 29, 0),
(182, 82015, 1, 30, 0),
(183, 82015, 1, 31, 0),
(184, 82015, 1, 32, 0),
(185, 82016, 1, 29, 0),
(186, 82016, 1, 30, 0),
(187, 82016, 1, 31, 0),
(188, 82016, 1, 32, 0),
(189, 82017, 1, 29, 0),
(190, 82017, 1, 30, 0),
(191, 82017, 1, 31, 0),
(192, 82017, 1, 32, 0),
(193, 92012, 1, 29, 0),
(194, 92012, 1, 30, 0),
(195, 92012, 1, 31, 0),
(196, 92012, 1, 32, 0),
(197, 92013, 1, 29, 0),
(198, 92013, 1, 30, 0),
(199, 92013, 1, 31, 0),
(200, 92013, 1, 32, 0),
(201, 92014, 1, 29, 0),
(202, 92014, 1, 30, 0),
(203, 92014, 1, 31, 0),
(204, 92014, 1, 32, 0),
(205, 92015, 1, 29, 0),
(206, 92015, 1, 30, 0),
(207, 92015, 1, 31, 0),
(208, 92015, 1, 32, 0),
(209, 92016, 1, 29, 0),
(210, 92016, 1, 30, 0),
(211, 92016, 1, 31, 0),
(212, 92016, 1, 32, 0),
(213, 92017, 1, 29, 0),
(214, 92017, 1, 30, 0),
(215, 92017, 1, 31, 0),
(216, 92017, 1, 32, 0),
(217, 102012, 1, 29, 0),
(218, 102012, 1, 30, 0),
(219, 102012, 1, 31, 0),
(220, 102012, 1, 32, 0),
(221, 102013, 1, 29, 0),
(222, 102013, 1, 30, 0),
(223, 102013, 1, 31, 0),
(224, 102013, 1, 32, 0),
(225, 102014, 1, 29, 0),
(226, 102014, 1, 30, 0),
(227, 102014, 1, 31, 0),
(228, 102014, 1, 32, 0),
(229, 102015, 1, 29, 0),
(230, 102015, 1, 30, 0),
(231, 102015, 1, 31, 0),
(232, 102015, 1, 32, 0),
(233, 102016, 1, 29, 0),
(234, 102016, 1, 30, 0),
(235, 102016, 1, 31, 0),
(236, 102016, 1, 32, 0),
(237, 102017, 1, 29, 0),
(238, 102017, 1, 30, 0),
(239, 102017, 1, 31, 0),
(240, 102017, 1, 32, 0),
(241, 112012, 1, 29, 0),
(242, 112012, 1, 30, 0),
(243, 112012, 1, 31, 0),
(244, 112012, 1, 32, 0),
(245, 112013, 1, 29, 0),
(246, 112013, 1, 30, 0),
(247, 112013, 1, 31, 0),
(248, 112013, 1, 32, 0),
(249, 112014, 1, 29, 0),
(250, 112014, 1, 30, 0),
(251, 112014, 1, 31, 0),
(252, 112014, 1, 32, 0),
(253, 112015, 1, 29, 0),
(254, 112015, 1, 30, 0),
(255, 112015, 1, 31, 0),
(256, 112015, 1, 32, 0),
(257, 112016, 1, 29, 0),
(258, 112016, 1, 30, 0),
(259, 112016, 1, 31, 0),
(260, 112016, 1, 32, 0),
(261, 112017, 1, 29, 0),
(262, 112017, 1, 30, 0),
(263, 112017, 1, 31, 0),
(264, 112017, 1, 32, 0),
(265, 122012, 1, 29, 0),
(266, 122012, 1, 30, 0),
(267, 122012, 1, 31, 0),
(268, 122012, 1, 32, 0),
(269, 122013, 1, 29, 0),
(270, 122013, 1, 30, 0),
(271, 122013, 1, 31, 0),
(272, 122013, 1, 32, 0),
(273, 122014, 1, 29, 0),
(274, 122014, 1, 30, 0),
(275, 122014, 1, 31, 0),
(276, 122014, 1, 32, 0),
(277, 122015, 1, 29, 0),
(278, 122015, 1, 30, 0),
(279, 122015, 1, 31, 0),
(280, 122015, 1, 32, 0),
(281, 122016, 1, 29, 0),
(282, 122016, 1, 30, 0),
(283, 122016, 1, 31, 0),
(284, 122016, 1, 32, 0),
(285, 122017, 1, 29, 0),
(286, 122017, 1, 30, 0),
(287, 122017, 1, 31, 0),
(288, 122017, 1, 32, 0),
(289, 12012, 2, 33, 0),
(290, 12012, 2, 34, 0),
(291, 12012, 2, 35, 0),
(292, 12012, 2, 36, 0),
(293, 12012, 2, 37, 0),
(294, 12012, 2, 38, 0),
(295, 12012, 2, 39, 0),
(296, 12013, 2, 33, 0),
(297, 12013, 2, 34, 0),
(298, 12013, 2, 35, 0),
(299, 12013, 2, 36, 0),
(300, 12013, 2, 37, 0),
(301, 12013, 2, 38, 0),
(302, 12013, 2, 39, 0),
(303, 12014, 2, 33, 0),
(304, 12014, 2, 34, 0),
(305, 12014, 2, 35, 0),
(306, 12014, 2, 36, 0),
(307, 12014, 2, 37, 0),
(308, 12014, 2, 38, 0),
(309, 12014, 2, 39, 0),
(310, 12015, 2, 33, 0),
(311, 12015, 2, 34, 0),
(312, 12015, 2, 35, 0),
(313, 12015, 2, 36, 0),
(314, 12015, 2, 37, 0),
(315, 12015, 2, 38, 0),
(316, 12015, 2, 39, 0),
(317, 12016, 2, 33, 0),
(318, 12016, 2, 34, 0),
(319, 12016, 2, 35, 0),
(320, 12016, 2, 36, 0),
(321, 12016, 2, 37, 0),
(322, 12016, 2, 38, 0),
(323, 12016, 2, 39, 0),
(324, 12017, 2, 33, 0),
(325, 12017, 2, 34, 0),
(326, 12017, 2, 35, 0),
(327, 12017, 2, 36, 0),
(328, 12017, 2, 37, 0),
(329, 12017, 2, 38, 0),
(330, 12017, 2, 39, 0),
(331, 22012, 2, 33, 0),
(332, 22012, 2, 34, 0),
(333, 22012, 2, 35, 0),
(334, 22012, 2, 36, 0),
(335, 22012, 2, 37, 0),
(336, 22012, 2, 38, 0),
(337, 22012, 2, 39, 0),
(338, 22013, 2, 33, 0),
(339, 22013, 2, 34, 0),
(340, 22013, 2, 35, 0),
(341, 22013, 2, 36, 0),
(342, 22013, 2, 37, 0),
(343, 22013, 2, 38, 0),
(344, 22013, 2, 39, 0),
(345, 22014, 2, 33, 0),
(346, 22014, 2, 34, 0),
(347, 22014, 2, 35, 0),
(348, 22014, 2, 36, 0),
(349, 22014, 2, 37, 0),
(350, 22014, 2, 38, 0),
(351, 22014, 2, 39, 0),
(352, 22015, 2, 33, 0),
(353, 22015, 2, 34, 0),
(354, 22015, 2, 35, 0),
(355, 22015, 2, 36, 0),
(356, 22015, 2, 37, 0),
(357, 22015, 2, 38, 0),
(358, 22015, 2, 39, 0),
(359, 22016, 2, 33, 0),
(360, 22016, 2, 34, 0),
(361, 22016, 2, 35, 0),
(362, 22016, 2, 36, 0),
(363, 22016, 2, 37, 0),
(364, 22016, 2, 38, 0),
(365, 22016, 2, 39, 0),
(366, 22017, 2, 33, 0),
(367, 22017, 2, 34, 0),
(368, 22017, 2, 35, 0),
(369, 22017, 2, 36, 0),
(370, 22017, 2, 37, 0),
(371, 22017, 2, 38, 0),
(372, 22017, 2, 39, 0),
(373, 32012, 2, 33, 0),
(374, 32012, 2, 34, 0),
(375, 32012, 2, 35, 0),
(376, 32012, 2, 36, 0),
(377, 32012, 2, 37, 0),
(378, 32012, 2, 38, 0),
(379, 32012, 2, 39, 0),
(380, 32013, 2, 33, 0),
(381, 32013, 2, 34, 0),
(382, 32013, 2, 35, 0),
(383, 32013, 2, 36, 0),
(384, 32013, 2, 37, 0),
(385, 32013, 2, 38, 0),
(386, 32013, 2, 39, 0),
(387, 32014, 2, 33, 0),
(388, 32014, 2, 34, 0),
(389, 32014, 2, 35, 0),
(390, 32014, 2, 36, 0),
(391, 32014, 2, 37, 0),
(392, 32014, 2, 38, 0),
(393, 32014, 2, 39, 0),
(394, 32015, 2, 33, 0),
(395, 32015, 2, 34, 0),
(396, 32015, 2, 35, 0),
(397, 32015, 2, 36, 0),
(398, 32015, 2, 37, 0),
(399, 32015, 2, 38, 0),
(400, 32015, 2, 39, 0),
(401, 32016, 2, 33, 0),
(402, 32016, 2, 34, 0),
(403, 32016, 2, 35, 0),
(404, 32016, 2, 36, 0),
(405, 32016, 2, 37, 0),
(406, 32016, 2, 38, 0),
(407, 32016, 2, 39, 0),
(408, 32017, 2, 33, 0),
(409, 32017, 2, 34, 0),
(410, 32017, 2, 35, 0),
(411, 32017, 2, 36, 0),
(412, 32017, 2, 37, 0),
(413, 32017, 2, 38, 0),
(414, 32017, 2, 39, 0),
(415, 42012, 2, 33, 0),
(416, 42012, 2, 34, 0),
(417, 42012, 2, 35, 0),
(418, 42012, 2, 36, 0),
(419, 42012, 2, 37, 0),
(420, 42012, 2, 38, 0),
(421, 42012, 2, 39, 0),
(422, 42013, 2, 33, 0),
(423, 42013, 2, 34, 0),
(424, 42013, 2, 35, 0),
(425, 42013, 2, 36, 0),
(426, 42013, 2, 37, 0),
(427, 42013, 2, 38, 0),
(428, 42013, 2, 39, 0),
(429, 42014, 2, 33, 0),
(430, 42014, 2, 34, 0),
(431, 42014, 2, 35, 0),
(432, 42014, 2, 36, 0),
(433, 42014, 2, 37, 0),
(434, 42014, 2, 38, 0),
(435, 42014, 2, 39, 0),
(436, 42015, 2, 33, 0),
(437, 42015, 2, 34, 0),
(438, 42015, 2, 35, 0),
(439, 42015, 2, 36, 0),
(440, 42015, 2, 37, 0),
(441, 42015, 2, 38, 0),
(442, 42015, 2, 39, 0),
(443, 42016, 2, 33, 0),
(444, 42016, 2, 34, 0),
(445, 42016, 2, 35, 0),
(446, 42016, 2, 36, 0),
(447, 42016, 2, 37, 0),
(448, 42016, 2, 38, 0),
(449, 42016, 2, 39, 0),
(450, 42017, 2, 33, 0),
(451, 42017, 2, 34, 0),
(452, 42017, 2, 35, 0),
(453, 42017, 2, 36, 0),
(454, 42017, 2, 37, 0),
(455, 42017, 2, 38, 0),
(456, 42017, 2, 39, 0),
(457, 52012, 2, 33, 0),
(458, 52012, 2, 34, 0),
(459, 52012, 2, 35, 0),
(460, 52012, 2, 36, 0),
(461, 52012, 2, 37, 0),
(462, 52012, 2, 38, 0),
(463, 52012, 2, 39, 0),
(464, 52013, 2, 33, 0),
(465, 52013, 2, 34, 0),
(466, 52013, 2, 35, 0),
(467, 52013, 2, 36, 0),
(468, 52013, 2, 37, 0),
(469, 52013, 2, 38, 0),
(470, 52013, 2, 39, 0),
(471, 52014, 2, 33, 0),
(472, 52014, 2, 34, 0),
(473, 52014, 2, 35, 0),
(474, 52014, 2, 36, 0),
(475, 52014, 2, 37, 0),
(476, 52014, 2, 38, 0),
(477, 52014, 2, 39, 0),
(478, 52015, 2, 33, 0),
(479, 52015, 2, 34, 0),
(480, 52015, 2, 35, 0),
(481, 52015, 2, 36, 0),
(482, 52015, 2, 37, 0),
(483, 52015, 2, 38, 0),
(484, 52015, 2, 39, 0),
(485, 52016, 2, 33, 0),
(486, 52016, 2, 34, 0),
(487, 52016, 2, 35, 0),
(488, 52016, 2, 36, 0),
(489, 52016, 2, 37, 0),
(490, 52016, 2, 38, 0),
(491, 52016, 2, 39, 0),
(492, 52017, 2, 33, 0),
(493, 52017, 2, 34, 0),
(494, 52017, 2, 35, 0),
(495, 52017, 2, 36, 0),
(496, 52017, 2, 37, 0),
(497, 52017, 2, 38, 0),
(498, 52017, 2, 39, 0),
(499, 62012, 2, 33, 0),
(500, 62012, 2, 34, 0),
(501, 62012, 2, 35, 0),
(502, 62012, 2, 36, 0),
(503, 62012, 2, 37, 0),
(504, 62012, 2, 38, 0),
(505, 62012, 2, 39, 0),
(506, 62013, 2, 33, 0),
(507, 62013, 2, 34, 0),
(508, 62013, 2, 35, 0),
(509, 62013, 2, 36, 0),
(510, 62013, 2, 37, 0),
(511, 62013, 2, 38, 0),
(512, 62013, 2, 39, 0),
(513, 62014, 2, 33, 0),
(514, 62014, 2, 34, 0),
(515, 62014, 2, 35, 0),
(516, 62014, 2, 36, 0),
(517, 62014, 2, 37, 0),
(518, 62014, 2, 38, 0),
(519, 62014, 2, 39, 0),
(520, 62015, 2, 33, 0),
(521, 62015, 2, 34, 0),
(522, 62015, 2, 35, 0),
(523, 62015, 2, 36, 0),
(524, 62015, 2, 37, 0),
(525, 62015, 2, 38, 0),
(526, 62015, 2, 39, 0),
(527, 62016, 2, 33, 0),
(528, 62016, 2, 34, 0),
(529, 62016, 2, 35, 0),
(530, 62016, 2, 36, 0),
(531, 62016, 2, 37, 0),
(532, 62016, 2, 38, 0),
(533, 62016, 2, 39, 0),
(534, 62017, 2, 33, 0),
(535, 62017, 2, 34, 0),
(536, 62017, 2, 35, 0),
(537, 62017, 2, 36, 0),
(538, 62017, 2, 37, 0),
(539, 62017, 2, 38, 0),
(540, 62017, 2, 39, 0),
(541, 72012, 2, 33, 0),
(542, 72012, 2, 34, 0),
(543, 72012, 2, 35, 0),
(544, 72012, 2, 36, 0),
(545, 72012, 2, 37, 0),
(546, 72012, 2, 38, 0),
(547, 72012, 2, 39, 0),
(548, 72013, 2, 33, 0),
(549, 72013, 2, 34, 0),
(550, 72013, 2, 35, 0),
(551, 72013, 2, 36, 0),
(552, 72013, 2, 37, 0),
(553, 72013, 2, 38, 0),
(554, 72013, 2, 39, 0),
(555, 72014, 2, 33, 0),
(556, 72014, 2, 34, 0),
(557, 72014, 2, 35, 0),
(558, 72014, 2, 36, 0),
(559, 72014, 2, 37, 0),
(560, 72014, 2, 38, 0),
(561, 72014, 2, 39, 0),
(562, 72015, 2, 33, 0),
(563, 72015, 2, 34, 0),
(564, 72015, 2, 35, 0),
(565, 72015, 2, 36, 0),
(566, 72015, 2, 37, 0),
(567, 72015, 2, 38, 0),
(568, 72015, 2, 39, 0),
(569, 72016, 2, 33, 0),
(570, 72016, 2, 34, 0),
(571, 72016, 2, 35, 0),
(572, 72016, 2, 36, 0),
(573, 72016, 2, 37, 0),
(574, 72016, 2, 38, 0),
(575, 72016, 2, 39, 0),
(576, 72017, 2, 33, 0),
(577, 72017, 2, 34, 0),
(578, 72017, 2, 35, 0),
(579, 72017, 2, 36, 0),
(580, 72017, 2, 37, 0),
(581, 72017, 2, 38, 0),
(582, 72017, 2, 39, 0),
(583, 82012, 2, 33, 0),
(584, 82012, 2, 34, 0),
(585, 82012, 2, 35, 0),
(586, 82012, 2, 36, 0),
(587, 82012, 2, 37, 0),
(588, 82012, 2, 38, 0),
(589, 82012, 2, 39, 0),
(590, 82013, 2, 33, 0),
(591, 82013, 2, 34, 0),
(592, 82013, 2, 35, 0),
(593, 82013, 2, 36, 0),
(594, 82013, 2, 37, 0),
(595, 82013, 2, 38, 0),
(596, 82013, 2, 39, 0),
(597, 82014, 2, 33, 0),
(598, 82014, 2, 34, 0),
(599, 82014, 2, 35, 0),
(600, 82014, 2, 36, 0),
(601, 82014, 2, 37, 0),
(602, 82014, 2, 38, 0),
(603, 82014, 2, 39, 0),
(604, 82015, 2, 33, 0),
(605, 82015, 2, 34, 0),
(606, 82015, 2, 35, 0),
(607, 82015, 2, 36, 0),
(608, 82015, 2, 37, 0),
(609, 82015, 2, 38, 0),
(610, 82015, 2, 39, 0),
(611, 82016, 2, 33, 0),
(612, 82016, 2, 34, 0),
(613, 82016, 2, 35, 0),
(614, 82016, 2, 36, 0),
(615, 82016, 2, 37, 0),
(616, 82016, 2, 38, 0),
(617, 82016, 2, 39, 0),
(618, 82017, 2, 33, 0),
(619, 82017, 2, 34, 0),
(620, 82017, 2, 35, 0),
(621, 82017, 2, 36, 0),
(622, 82017, 2, 37, 0),
(623, 82017, 2, 38, 0),
(624, 82017, 2, 39, 0),
(625, 92012, 2, 33, 0),
(626, 92012, 2, 34, 0),
(627, 92012, 2, 35, 0),
(628, 92012, 2, 36, 0),
(629, 92012, 2, 37, 0),
(630, 92012, 2, 38, 0),
(631, 92012, 2, 39, 0),
(632, 92013, 2, 33, 0),
(633, 92013, 2, 34, 0),
(634, 92013, 2, 35, 0),
(635, 92013, 2, 36, 0),
(636, 92013, 2, 37, 0),
(637, 92013, 2, 38, 0),
(638, 92013, 2, 39, 0),
(639, 92014, 2, 33, 0),
(640, 92014, 2, 34, 0),
(641, 92014, 2, 35, 0),
(642, 92014, 2, 36, 0),
(643, 92014, 2, 37, 0),
(644, 92014, 2, 38, 0),
(645, 92014, 2, 39, 0),
(646, 92015, 2, 33, 0),
(647, 92015, 2, 34, 0),
(648, 92015, 2, 35, 0),
(649, 92015, 2, 36, 0),
(650, 92015, 2, 37, 0),
(651, 92015, 2, 38, 0),
(652, 92015, 2, 39, 0),
(653, 92016, 2, 33, 0),
(654, 92016, 2, 34, 0),
(655, 92016, 2, 35, 0),
(656, 92016, 2, 36, 0),
(657, 92016, 2, 37, 0),
(658, 92016, 2, 38, 0),
(659, 92016, 2, 39, 0),
(660, 92017, 2, 33, 0),
(661, 92017, 2, 34, 0),
(662, 92017, 2, 35, 0),
(663, 92017, 2, 36, 0),
(664, 92017, 2, 37, 0),
(665, 92017, 2, 38, 0),
(666, 92017, 2, 39, 0),
(667, 102012, 2, 33, 0),
(668, 102012, 2, 34, 0),
(669, 102012, 2, 35, 0),
(670, 102012, 2, 36, 0),
(671, 102012, 2, 37, 0),
(672, 102012, 2, 38, 0),
(673, 102012, 2, 39, 0),
(674, 102013, 2, 33, 0),
(675, 102013, 2, 34, 0),
(676, 102013, 2, 35, 0),
(677, 102013, 2, 36, 0),
(678, 102013, 2, 37, 0),
(679, 102013, 2, 38, 0),
(680, 102013, 2, 39, 0),
(681, 102014, 2, 33, 0),
(682, 102014, 2, 34, 0),
(683, 102014, 2, 35, 0),
(684, 102014, 2, 36, 0),
(685, 102014, 2, 37, 0),
(686, 102014, 2, 38, 0),
(687, 102014, 2, 39, 0),
(688, 102015, 2, 33, 0),
(689, 102015, 2, 34, 0),
(690, 102015, 2, 35, 0),
(691, 102015, 2, 36, 0),
(692, 102015, 2, 37, 0),
(693, 102015, 2, 38, 0),
(694, 102015, 2, 39, 0),
(695, 102016, 2, 33, 0),
(696, 102016, 2, 34, 0),
(697, 102016, 2, 35, 0),
(698, 102016, 2, 36, 0),
(699, 102016, 2, 37, 0),
(700, 102016, 2, 38, 0),
(701, 102016, 2, 39, 0),
(702, 102017, 2, 33, 0),
(703, 102017, 2, 34, 0),
(704, 102017, 2, 35, 0),
(705, 102017, 2, 36, 0),
(706, 102017, 2, 37, 0),
(707, 102017, 2, 38, 0),
(708, 102017, 2, 39, 0),
(709, 112012, 2, 33, 0),
(710, 112012, 2, 34, 0),
(711, 112012, 2, 35, 0),
(712, 112012, 2, 36, 0),
(713, 112012, 2, 37, 0),
(714, 112012, 2, 38, 0),
(715, 112012, 2, 39, 0),
(716, 112013, 2, 33, 0),
(717, 112013, 2, 34, 0),
(718, 112013, 2, 35, 0),
(719, 112013, 2, 36, 0),
(720, 112013, 2, 37, 0),
(721, 112013, 2, 38, 0),
(722, 112013, 2, 39, 0),
(723, 112014, 2, 33, 0),
(724, 112014, 2, 34, 0),
(725, 112014, 2, 35, 0),
(726, 112014, 2, 36, 0),
(727, 112014, 2, 37, 0),
(728, 112014, 2, 38, 0),
(729, 112014, 2, 39, 0),
(730, 112015, 2, 33, 0),
(731, 112015, 2, 34, 0),
(732, 112015, 2, 35, 0),
(733, 112015, 2, 36, 0),
(734, 112015, 2, 37, 0),
(735, 112015, 2, 38, 0),
(736, 112015, 2, 39, 0),
(737, 112016, 2, 33, 0),
(738, 112016, 2, 34, 0),
(739, 112016, 2, 35, 0),
(740, 112016, 2, 36, 0),
(741, 112016, 2, 37, 0),
(742, 112016, 2, 38, 0),
(743, 112016, 2, 39, 0),
(744, 112017, 2, 33, 0),
(745, 112017, 2, 34, 0),
(746, 112017, 2, 35, 0),
(747, 112017, 2, 36, 0),
(748, 112017, 2, 37, 0),
(749, 112017, 2, 38, 0),
(750, 112017, 2, 39, 0),
(751, 122012, 2, 33, 0),
(752, 122012, 2, 34, 0),
(753, 122012, 2, 35, 0),
(754, 122012, 2, 36, 0),
(755, 122012, 2, 37, 0),
(756, 122012, 2, 38, 0),
(757, 122012, 2, 39, 0),
(758, 122013, 2, 33, 0),
(759, 122013, 2, 34, 0),
(760, 122013, 2, 35, 0),
(761, 122013, 2, 36, 0),
(762, 122013, 2, 37, 0),
(763, 122013, 2, 38, 0),
(764, 122013, 2, 39, 0),
(765, 122014, 2, 33, 0),
(766, 122014, 2, 34, 0),
(767, 122014, 2, 35, 0),
(768, 122014, 2, 36, 0),
(769, 122014, 2, 37, 0),
(770, 122014, 2, 38, 0),
(771, 122014, 2, 39, 0),
(772, 122015, 2, 33, 0),
(773, 122015, 2, 34, 0),
(774, 122015, 2, 35, 0),
(775, 122015, 2, 36, 0),
(776, 122015, 2, 37, 0),
(777, 122015, 2, 38, 0),
(778, 122015, 2, 39, 0),
(779, 122016, 2, 33, 0),
(780, 122016, 2, 34, 0),
(781, 122016, 2, 35, 0),
(782, 122016, 2, 36, 0),
(783, 122016, 2, 37, 0),
(784, 122016, 2, 38, 0),
(785, 122016, 2, 39, 0),
(786, 122017, 2, 33, 0),
(787, 122017, 2, 34, 0),
(788, 122017, 2, 35, 0),
(789, 122017, 2, 36, 0),
(790, 122017, 2, 37, 0),
(791, 122017, 2, 38, 0),
(792, 122017, 2, 39, 0),
(793, 12012, 2, 2, 1000000),
(794, 12012, 2, 3, 1000000),
(795, 12012, 2, 4, 0),
(796, 12012, 2, 5, 0),
(797, 12012, 2, 6, 0),
(798, 12012, 2, 7, 1000000),
(799, 12012, 2, 8, 500000),
(800, 12012, 2, 9, 500000),
(801, 12012, 2, 10, 100000),
(802, 12012, 2, 11, 100000),
(803, 12012, 2, 12, 100000),
(804, 12012, 2, 13, 100000),
(805, 12012, 2, 14, 0),
(806, 12012, 2, 15, 100000),
(807, 12012, 2, 16, 100000),
(808, 12012, 2, 17, 100000),
(809, 12012, 2, 18, 200000),
(810, 12012, 2, 19, 200000),
(811, 12012, 2, 20, 200000),
(812, 12012, 2, 21, 200000),
(813, 12012, 2, 22, 200000),
(814, 12012, 2, 23, 1000000),
(815, 12012, 2, 24, 0),
(816, 12012, 2, 25, 0),
(817, 12013, 2, 2, 0),
(818, 12013, 2, 3, 0),
(819, 12013, 2, 4, 0),
(820, 12013, 2, 5, 0),
(821, 12013, 2, 6, 0),
(822, 12013, 2, 7, 0),
(823, 12013, 2, 8, 0),
(824, 12013, 2, 9, 0),
(825, 12013, 2, 10, 0),
(826, 12013, 2, 11, 0),
(827, 12013, 2, 12, 0),
(828, 12013, 2, 13, 0),
(829, 12013, 2, 14, 0),
(830, 12013, 2, 15, 0),
(831, 12013, 2, 16, 0),
(832, 12013, 2, 17, 0),
(833, 12013, 2, 18, 0),
(834, 12013, 2, 19, 0),
(835, 12013, 2, 20, 0),
(836, 12013, 2, 21, 0),
(837, 12013, 2, 22, 0),
(838, 12013, 2, 23, 0),
(839, 12013, 2, 24, 0),
(840, 12013, 2, 25, 0),
(841, 12014, 2, 2, 0),
(842, 12014, 2, 3, 0),
(843, 12014, 2, 4, 0),
(844, 12014, 2, 5, 0),
(845, 12014, 2, 6, 0),
(846, 12014, 2, 7, 0),
(847, 12014, 2, 8, 0),
(848, 12014, 2, 9, 0),
(849, 12014, 2, 10, 0),
(850, 12014, 2, 11, 0),
(851, 12014, 2, 12, 0),
(852, 12014, 2, 13, 0),
(853, 12014, 2, 14, 0),
(854, 12014, 2, 15, 0),
(855, 12014, 2, 16, 0),
(856, 12014, 2, 17, 0),
(857, 12014, 2, 18, 0),
(858, 12014, 2, 19, 0),
(859, 12014, 2, 20, 0),
(860, 12014, 2, 21, 0),
(861, 12014, 2, 22, 0),
(862, 12014, 2, 23, 0),
(863, 12014, 2, 24, 0),
(864, 12014, 2, 25, 0),
(865, 12015, 2, 2, 0),
(866, 12015, 2, 3, 0),
(867, 12015, 2, 4, 0),
(868, 12015, 2, 5, 0),
(869, 12015, 2, 6, 0),
(870, 12015, 2, 7, 0),
(871, 12015, 2, 8, 0),
(872, 12015, 2, 9, 0),
(873, 12015, 2, 10, 0),
(874, 12015, 2, 11, 0),
(875, 12015, 2, 12, 0),
(876, 12015, 2, 13, 0),
(877, 12015, 2, 14, 0),
(878, 12015, 2, 15, 0),
(879, 12015, 2, 16, 0),
(880, 12015, 2, 17, 0),
(881, 12015, 2, 18, 0),
(882, 12015, 2, 19, 0),
(883, 12015, 2, 20, 0),
(884, 12015, 2, 21, 0),
(885, 12015, 2, 22, 0),
(886, 12015, 2, 23, 0),
(887, 12015, 2, 24, 0),
(888, 12015, 2, 25, 0),
(889, 12016, 2, 2, 0),
(890, 12016, 2, 3, 0),
(891, 12016, 2, 4, 0),
(892, 12016, 2, 5, 0),
(893, 12016, 2, 6, 0),
(894, 12016, 2, 7, 0),
(895, 12016, 2, 8, 0),
(896, 12016, 2, 9, 0),
(897, 12016, 2, 10, 0),
(898, 12016, 2, 11, 0),
(899, 12016, 2, 12, 0),
(900, 12016, 2, 13, 0),
(901, 12016, 2, 14, 0),
(902, 12016, 2, 15, 0),
(903, 12016, 2, 16, 0),
(904, 12016, 2, 17, 0),
(905, 12016, 2, 18, 0),
(906, 12016, 2, 19, 0),
(907, 12016, 2, 20, 0),
(908, 12016, 2, 21, 0),
(909, 12016, 2, 22, 0),
(910, 12016, 2, 23, 0),
(911, 12016, 2, 24, 0),
(912, 12016, 2, 25, 0),
(913, 12017, 2, 2, 0),
(914, 12017, 2, 3, 0),
(915, 12017, 2, 4, 0),
(916, 12017, 2, 5, 0),
(917, 12017, 2, 6, 0),
(918, 12017, 2, 7, 0),
(919, 12017, 2, 8, 0),
(920, 12017, 2, 9, 0),
(921, 12017, 2, 10, 0),
(922, 12017, 2, 11, 0),
(923, 12017, 2, 12, 0),
(924, 12017, 2, 13, 0),
(925, 12017, 2, 14, 0),
(926, 12017, 2, 15, 0),
(927, 12017, 2, 16, 0),
(928, 12017, 2, 17, 0),
(929, 12017, 2, 18, 0),
(930, 12017, 2, 19, 0),
(931, 12017, 2, 20, 0),
(932, 12017, 2, 21, 0),
(933, 12017, 2, 22, 0),
(934, 12017, 2, 23, 0),
(935, 12017, 2, 24, 0),
(936, 12017, 2, 25, 0),
(937, 22012, 2, 2, 0),
(938, 22012, 2, 3, 0),
(939, 22012, 2, 4, 0),
(940, 22012, 2, 5, 0),
(941, 22012, 2, 6, 0),
(942, 22012, 2, 7, 0),
(943, 22012, 2, 8, 0),
(944, 22012, 2, 9, 0),
(945, 22012, 2, 10, 0),
(946, 22012, 2, 11, 0),
(947, 22012, 2, 12, 0),
(948, 22012, 2, 13, 0),
(949, 22012, 2, 14, 0),
(950, 22012, 2, 15, 0),
(951, 22012, 2, 16, 0),
(952, 22012, 2, 17, 0),
(953, 22012, 2, 18, 0),
(954, 22012, 2, 19, 0),
(955, 22012, 2, 20, 0),
(956, 22012, 2, 21, 0),
(957, 22012, 2, 22, 0),
(958, 22012, 2, 23, 0),
(959, 22012, 2, 24, 0),
(960, 22012, 2, 25, 0),
(961, 22013, 2, 2, 0),
(962, 22013, 2, 3, 0),
(963, 22013, 2, 4, 0),
(964, 22013, 2, 5, 0),
(965, 22013, 2, 6, 0),
(966, 22013, 2, 7, 0),
(967, 22013, 2, 8, 0),
(968, 22013, 2, 9, 0),
(969, 22013, 2, 10, 0),
(970, 22013, 2, 11, 0),
(971, 22013, 2, 12, 0),
(972, 22013, 2, 13, 0),
(973, 22013, 2, 14, 0),
(974, 22013, 2, 15, 0),
(975, 22013, 2, 16, 0),
(976, 22013, 2, 17, 0),
(977, 22013, 2, 18, 0),
(978, 22013, 2, 19, 0),
(979, 22013, 2, 20, 0),
(980, 22013, 2, 21, 0),
(981, 22013, 2, 22, 0),
(982, 22013, 2, 23, 0),
(983, 22013, 2, 24, 0),
(984, 22013, 2, 25, 0),
(985, 22014, 2, 2, 0),
(986, 22014, 2, 3, 0),
(987, 22014, 2, 4, 0),
(988, 22014, 2, 5, 0),
(989, 22014, 2, 6, 0),
(990, 22014, 2, 7, 0),
(991, 22014, 2, 8, 0),
(992, 22014, 2, 9, 0),
(993, 22014, 2, 10, 0),
(994, 22014, 2, 11, 0),
(995, 22014, 2, 12, 0),
(996, 22014, 2, 13, 0),
(997, 22014, 2, 14, 0),
(998, 22014, 2, 15, 0),
(999, 22014, 2, 16, 0),
(1000, 22014, 2, 17, 0),
(1001, 22014, 2, 18, 0),
(1002, 22014, 2, 19, 0),
(1003, 22014, 2, 20, 0),
(1004, 22014, 2, 21, 0),
(1005, 22014, 2, 22, 0),
(1006, 22014, 2, 23, 0),
(1007, 22014, 2, 24, 0),
(1008, 22014, 2, 25, 0),
(1009, 22015, 2, 2, 0),
(1010, 22015, 2, 3, 0),
(1011, 22015, 2, 4, 0),
(1012, 22015, 2, 5, 0),
(1013, 22015, 2, 6, 0),
(1014, 22015, 2, 7, 0),
(1015, 22015, 2, 8, 0),
(1016, 22015, 2, 9, 0),
(1017, 22015, 2, 10, 0),
(1018, 22015, 2, 11, 0),
(1019, 22015, 2, 12, 0),
(1020, 22015, 2, 13, 0),
(1021, 22015, 2, 14, 0),
(1022, 22015, 2, 15, 0),
(1023, 22015, 2, 16, 0),
(1024, 22015, 2, 17, 0),
(1025, 22015, 2, 18, 0),
(1026, 22015, 2, 19, 0),
(1027, 22015, 2, 20, 0),
(1028, 22015, 2, 21, 0),
(1029, 22015, 2, 22, 0),
(1030, 22015, 2, 23, 0),
(1031, 22015, 2, 24, 0),
(1032, 22015, 2, 25, 0),
(1033, 22016, 2, 2, 0),
(1034, 22016, 2, 3, 0),
(1035, 22016, 2, 4, 0),
(1036, 22016, 2, 5, 0),
(1037, 22016, 2, 6, 0),
(1038, 22016, 2, 7, 0),
(1039, 22016, 2, 8, 0),
(1040, 22016, 2, 9, 0),
(1041, 22016, 2, 10, 0),
(1042, 22016, 2, 11, 0),
(1043, 22016, 2, 12, 0),
(1044, 22016, 2, 13, 0),
(1045, 22016, 2, 14, 0),
(1046, 22016, 2, 15, 0),
(1047, 22016, 2, 16, 0),
(1048, 22016, 2, 17, 0),
(1049, 22016, 2, 18, 0),
(1050, 22016, 2, 19, 0),
(1051, 22016, 2, 20, 0),
(1052, 22016, 2, 21, 0),
(1053, 22016, 2, 22, 0),
(1054, 22016, 2, 23, 0),
(1055, 22016, 2, 24, 0),
(1056, 22016, 2, 25, 0),
(1057, 22017, 2, 2, 0),
(1058, 22017, 2, 3, 0),
(1059, 22017, 2, 4, 0),
(1060, 22017, 2, 5, 0),
(1061, 22017, 2, 6, 0),
(1062, 22017, 2, 7, 0),
(1063, 22017, 2, 8, 0),
(1064, 22017, 2, 9, 0),
(1065, 22017, 2, 10, 0),
(1066, 22017, 2, 11, 0),
(1067, 22017, 2, 12, 0),
(1068, 22017, 2, 13, 0),
(1069, 22017, 2, 14, 0),
(1070, 22017, 2, 15, 0),
(1071, 22017, 2, 16, 0),
(1072, 22017, 2, 17, 0),
(1073, 22017, 2, 18, 0),
(1074, 22017, 2, 19, 0),
(1075, 22017, 2, 20, 0),
(1076, 22017, 2, 21, 0),
(1077, 22017, 2, 22, 0),
(1078, 22017, 2, 23, 0),
(1079, 22017, 2, 24, 0),
(1080, 22017, 2, 25, 0),
(1081, 32012, 2, 2, 0),
(1082, 32012, 2, 3, 0),
(1083, 32012, 2, 4, 0),
(1084, 32012, 2, 5, 0),
(1085, 32012, 2, 6, 0),
(1086, 32012, 2, 7, 0),
(1087, 32012, 2, 8, 0),
(1088, 32012, 2, 9, 0),
(1089, 32012, 2, 10, 0),
(1090, 32012, 2, 11, 0),
(1091, 32012, 2, 12, 0),
(1092, 32012, 2, 13, 0),
(1093, 32012, 2, 14, 0),
(1094, 32012, 2, 15, 0),
(1095, 32012, 2, 16, 0),
(1096, 32012, 2, 17, 0),
(1097, 32012, 2, 18, 0),
(1098, 32012, 2, 19, 0),
(1099, 32012, 2, 20, 0),
(1100, 32012, 2, 21, 0),
(1101, 32012, 2, 22, 0),
(1102, 32012, 2, 23, 0),
(1103, 32012, 2, 24, 0),
(1104, 32012, 2, 25, 0),
(1105, 32013, 2, 2, 0),
(1106, 32013, 2, 3, 0),
(1107, 32013, 2, 4, 0),
(1108, 32013, 2, 5, 0),
(1109, 32013, 2, 6, 0),
(1110, 32013, 2, 7, 0),
(1111, 32013, 2, 8, 0),
(1112, 32013, 2, 9, 0),
(1113, 32013, 2, 10, 0),
(1114, 32013, 2, 11, 0),
(1115, 32013, 2, 12, 0),
(1116, 32013, 2, 13, 0),
(1117, 32013, 2, 14, 0),
(1118, 32013, 2, 15, 0),
(1119, 32013, 2, 16, 0),
(1120, 32013, 2, 17, 0),
(1121, 32013, 2, 18, 0),
(1122, 32013, 2, 19, 0),
(1123, 32013, 2, 20, 0),
(1124, 32013, 2, 21, 0),
(1125, 32013, 2, 22, 0),
(1126, 32013, 2, 23, 0),
(1127, 32013, 2, 24, 0),
(1128, 32013, 2, 25, 0),
(1129, 32014, 2, 2, 0),
(1130, 32014, 2, 3, 0),
(1131, 32014, 2, 4, 0),
(1132, 32014, 2, 5, 0),
(1133, 32014, 2, 6, 0),
(1134, 32014, 2, 7, 0),
(1135, 32014, 2, 8, 0),
(1136, 32014, 2, 9, 0),
(1137, 32014, 2, 10, 0),
(1138, 32014, 2, 11, 0),
(1139, 32014, 2, 12, 0),
(1140, 32014, 2, 13, 0),
(1141, 32014, 2, 14, 0),
(1142, 32014, 2, 15, 0),
(1143, 32014, 2, 16, 0),
(1144, 32014, 2, 17, 0),
(1145, 32014, 2, 18, 0),
(1146, 32014, 2, 19, 0),
(1147, 32014, 2, 20, 0),
(1148, 32014, 2, 21, 0),
(1149, 32014, 2, 22, 0),
(1150, 32014, 2, 23, 0),
(1151, 32014, 2, 24, 0),
(1152, 32014, 2, 25, 0),
(1153, 32015, 2, 2, 0),
(1154, 32015, 2, 3, 0),
(1155, 32015, 2, 4, 0),
(1156, 32015, 2, 5, 0),
(1157, 32015, 2, 6, 0),
(1158, 32015, 2, 7, 0),
(1159, 32015, 2, 8, 0),
(1160, 32015, 2, 9, 0),
(1161, 32015, 2, 10, 0),
(1162, 32015, 2, 11, 0),
(1163, 32015, 2, 12, 0),
(1164, 32015, 2, 13, 0),
(1165, 32015, 2, 14, 0),
(1166, 32015, 2, 15, 0),
(1167, 32015, 2, 16, 0),
(1168, 32015, 2, 17, 0),
(1169, 32015, 2, 18, 0),
(1170, 32015, 2, 19, 0),
(1171, 32015, 2, 20, 0),
(1172, 32015, 2, 21, 0),
(1173, 32015, 2, 22, 0),
(1174, 32015, 2, 23, 0),
(1175, 32015, 2, 24, 0),
(1176, 32015, 2, 25, 0),
(1177, 32016, 2, 2, 0),
(1178, 32016, 2, 3, 0),
(1179, 32016, 2, 4, 0),
(1180, 32016, 2, 5, 0),
(1181, 32016, 2, 6, 0),
(1182, 32016, 2, 7, 0),
(1183, 32016, 2, 8, 0),
(1184, 32016, 2, 9, 0),
(1185, 32016, 2, 10, 0),
(1186, 32016, 2, 11, 0),
(1187, 32016, 2, 12, 0),
(1188, 32016, 2, 13, 0),
(1189, 32016, 2, 14, 0),
(1190, 32016, 2, 15, 0),
(1191, 32016, 2, 16, 0),
(1192, 32016, 2, 17, 0),
(1193, 32016, 2, 18, 0),
(1194, 32016, 2, 19, 0),
(1195, 32016, 2, 20, 0),
(1196, 32016, 2, 21, 0),
(1197, 32016, 2, 22, 0),
(1198, 32016, 2, 23, 0),
(1199, 32016, 2, 24, 0),
(1200, 32016, 2, 25, 0),
(1201, 32017, 2, 2, 0),
(1202, 32017, 2, 3, 0),
(1203, 32017, 2, 4, 0),
(1204, 32017, 2, 5, 0),
(1205, 32017, 2, 6, 0),
(1206, 32017, 2, 7, 0),
(1207, 32017, 2, 8, 0),
(1208, 32017, 2, 9, 0),
(1209, 32017, 2, 10, 0),
(1210, 32017, 2, 11, 0),
(1211, 32017, 2, 12, 0),
(1212, 32017, 2, 13, 0),
(1213, 32017, 2, 14, 0),
(1214, 32017, 2, 15, 0),
(1215, 32017, 2, 16, 0),
(1216, 32017, 2, 17, 0),
(1217, 32017, 2, 18, 0),
(1218, 32017, 2, 19, 0),
(1219, 32017, 2, 20, 0),
(1220, 32017, 2, 21, 0),
(1221, 32017, 2, 22, 0),
(1222, 32017, 2, 23, 0),
(1223, 32017, 2, 24, 0),
(1224, 32017, 2, 25, 0),
(1225, 42012, 2, 2, 0),
(1226, 42012, 2, 3, 0),
(1227, 42012, 2, 4, 0),
(1228, 42012, 2, 5, 0),
(1229, 42012, 2, 6, 0),
(1230, 42012, 2, 7, 0),
(1231, 42012, 2, 8, 0),
(1232, 42012, 2, 9, 0),
(1233, 42012, 2, 10, 0),
(1234, 42012, 2, 11, 0),
(1235, 42012, 2, 12, 0),
(1236, 42012, 2, 13, 0),
(1237, 42012, 2, 14, 0),
(1238, 42012, 2, 15, 0),
(1239, 42012, 2, 16, 0),
(1240, 42012, 2, 17, 0),
(1241, 42012, 2, 18, 0),
(1242, 42012, 2, 19, 0),
(1243, 42012, 2, 20, 0),
(1244, 42012, 2, 21, 0),
(1245, 42012, 2, 22, 0),
(1246, 42012, 2, 23, 0),
(1247, 42012, 2, 24, 0),
(1248, 42012, 2, 25, 0),
(1249, 42013, 2, 2, 0),
(1250, 42013, 2, 3, 0),
(1251, 42013, 2, 4, 0),
(1252, 42013, 2, 5, 0),
(1253, 42013, 2, 6, 0),
(1254, 42013, 2, 7, 0),
(1255, 42013, 2, 8, 0),
(1256, 42013, 2, 9, 0),
(1257, 42013, 2, 10, 0),
(1258, 42013, 2, 11, 0),
(1259, 42013, 2, 12, 0),
(1260, 42013, 2, 13, 0),
(1261, 42013, 2, 14, 0),
(1262, 42013, 2, 15, 0),
(1263, 42013, 2, 16, 0),
(1264, 42013, 2, 17, 0),
(1265, 42013, 2, 18, 0),
(1266, 42013, 2, 19, 0),
(1267, 42013, 2, 20, 0),
(1268, 42013, 2, 21, 0),
(1269, 42013, 2, 22, 0),
(1270, 42013, 2, 23, 0),
(1271, 42013, 2, 24, 0),
(1272, 42013, 2, 25, 0),
(1273, 42014, 2, 2, 0),
(1274, 42014, 2, 3, 0),
(1275, 42014, 2, 4, 0),
(1276, 42014, 2, 5, 0),
(1277, 42014, 2, 6, 0),
(1278, 42014, 2, 7, 0),
(1279, 42014, 2, 8, 0),
(1280, 42014, 2, 9, 0),
(1281, 42014, 2, 10, 0),
(1282, 42014, 2, 11, 0),
(1283, 42014, 2, 12, 0),
(1284, 42014, 2, 13, 0),
(1285, 42014, 2, 14, 0),
(1286, 42014, 2, 15, 0),
(1287, 42014, 2, 16, 0),
(1288, 42014, 2, 17, 0),
(1289, 42014, 2, 18, 0),
(1290, 42014, 2, 19, 0),
(1291, 42014, 2, 20, 0),
(1292, 42014, 2, 21, 0),
(1293, 42014, 2, 22, 0),
(1294, 42014, 2, 23, 0),
(1295, 42014, 2, 24, 0),
(1296, 42014, 2, 25, 0),
(1297, 42015, 2, 2, 0),
(1298, 42015, 2, 3, 0),
(1299, 42015, 2, 4, 0),
(1300, 42015, 2, 5, 0),
(1301, 42015, 2, 6, 0),
(1302, 42015, 2, 7, 0),
(1303, 42015, 2, 8, 0),
(1304, 42015, 2, 9, 0),
(1305, 42015, 2, 10, 0),
(1306, 42015, 2, 11, 0),
(1307, 42015, 2, 12, 0),
(1308, 42015, 2, 13, 0),
(1309, 42015, 2, 14, 0),
(1310, 42015, 2, 15, 0),
(1311, 42015, 2, 16, 0),
(1312, 42015, 2, 17, 0),
(1313, 42015, 2, 18, 0),
(1314, 42015, 2, 19, 0),
(1315, 42015, 2, 20, 0),
(1316, 42015, 2, 21, 0),
(1317, 42015, 2, 22, 0),
(1318, 42015, 2, 23, 0),
(1319, 42015, 2, 24, 0),
(1320, 42015, 2, 25, 0),
(1321, 42016, 2, 2, 0),
(1322, 42016, 2, 3, 0),
(1323, 42016, 2, 4, 0),
(1324, 42016, 2, 5, 0),
(1325, 42016, 2, 6, 0),
(1326, 42016, 2, 7, 0),
(1327, 42016, 2, 8, 0),
(1328, 42016, 2, 9, 0),
(1329, 42016, 2, 10, 0),
(1330, 42016, 2, 11, 0),
(1331, 42016, 2, 12, 0),
(1332, 42016, 2, 13, 0),
(1333, 42016, 2, 14, 0),
(1334, 42016, 2, 15, 0),
(1335, 42016, 2, 16, 0),
(1336, 42016, 2, 17, 0),
(1337, 42016, 2, 18, 0),
(1338, 42016, 2, 19, 0),
(1339, 42016, 2, 20, 0),
(1340, 42016, 2, 21, 0),
(1341, 42016, 2, 22, 0),
(1342, 42016, 2, 23, 0),
(1343, 42016, 2, 24, 0),
(1344, 42016, 2, 25, 0),
(1345, 42017, 2, 2, 0),
(1346, 42017, 2, 3, 0),
(1347, 42017, 2, 4, 0),
(1348, 42017, 2, 5, 0),
(1349, 42017, 2, 6, 0),
(1350, 42017, 2, 7, 0),
(1351, 42017, 2, 8, 0),
(1352, 42017, 2, 9, 0),
(1353, 42017, 2, 10, 0),
(1354, 42017, 2, 11, 0),
(1355, 42017, 2, 12, 0),
(1356, 42017, 2, 13, 0),
(1357, 42017, 2, 14, 0),
(1358, 42017, 2, 15, 0),
(1359, 42017, 2, 16, 0),
(1360, 42017, 2, 17, 0),
(1361, 42017, 2, 18, 0),
(1362, 42017, 2, 19, 0),
(1363, 42017, 2, 20, 0),
(1364, 42017, 2, 21, 0),
(1365, 42017, 2, 22, 0),
(1366, 42017, 2, 23, 0),
(1367, 42017, 2, 24, 0),
(1368, 42017, 2, 25, 0),
(1369, 52012, 2, 2, 0),
(1370, 52012, 2, 3, 0),
(1371, 52012, 2, 4, 0),
(1372, 52012, 2, 5, 0),
(1373, 52012, 2, 6, 0),
(1374, 52012, 2, 7, 0),
(1375, 52012, 2, 8, 0),
(1376, 52012, 2, 9, 0),
(1377, 52012, 2, 10, 0),
(1378, 52012, 2, 11, 0),
(1379, 52012, 2, 12, 0),
(1380, 52012, 2, 13, 0),
(1381, 52012, 2, 14, 0),
(1382, 52012, 2, 15, 0),
(1383, 52012, 2, 16, 0),
(1384, 52012, 2, 17, 0),
(1385, 52012, 2, 18, 0),
(1386, 52012, 2, 19, 0),
(1387, 52012, 2, 20, 0),
(1388, 52012, 2, 21, 0),
(1389, 52012, 2, 22, 0),
(1390, 52012, 2, 23, 0),
(1391, 52012, 2, 24, 0),
(1392, 52012, 2, 25, 0),
(1393, 52013, 2, 2, 0),
(1394, 52013, 2, 3, 0),
(1395, 52013, 2, 4, 0),
(1396, 52013, 2, 5, 0),
(1397, 52013, 2, 6, 0),
(1398, 52013, 2, 7, 0),
(1399, 52013, 2, 8, 0),
(1400, 52013, 2, 9, 0),
(1401, 52013, 2, 10, 0),
(1402, 52013, 2, 11, 0),
(1403, 52013, 2, 12, 0),
(1404, 52013, 2, 13, 0),
(1405, 52013, 2, 14, 0),
(1406, 52013, 2, 15, 0),
(1407, 52013, 2, 16, 0),
(1408, 52013, 2, 17, 0),
(1409, 52013, 2, 18, 0),
(1410, 52013, 2, 19, 0),
(1411, 52013, 2, 20, 0),
(1412, 52013, 2, 21, 0),
(1413, 52013, 2, 22, 0),
(1414, 52013, 2, 23, 0),
(1415, 52013, 2, 24, 0),
(1416, 52013, 2, 25, 0),
(1417, 52014, 2, 2, 0),
(1418, 52014, 2, 3, 0),
(1419, 52014, 2, 4, 0),
(1420, 52014, 2, 5, 0),
(1421, 52014, 2, 6, 0),
(1422, 52014, 2, 7, 0),
(1423, 52014, 2, 8, 0),
(1424, 52014, 2, 9, 0),
(1425, 52014, 2, 10, 0),
(1426, 52014, 2, 11, 0),
(1427, 52014, 2, 12, 0),
(1428, 52014, 2, 13, 0),
(1429, 52014, 2, 14, 0),
(1430, 52014, 2, 15, 0),
(1431, 52014, 2, 16, 0),
(1432, 52014, 2, 17, 0),
(1433, 52014, 2, 18, 0),
(1434, 52014, 2, 19, 0),
(1435, 52014, 2, 20, 0),
(1436, 52014, 2, 21, 0),
(1437, 52014, 2, 22, 0),
(1438, 52014, 2, 23, 0),
(1439, 52014, 2, 24, 0),
(1440, 52014, 2, 25, 0),
(1441, 52015, 2, 2, 0),
(1442, 52015, 2, 3, 0),
(1443, 52015, 2, 4, 0),
(1444, 52015, 2, 5, 0),
(1445, 52015, 2, 6, 0),
(1446, 52015, 2, 7, 0),
(1447, 52015, 2, 8, 0),
(1448, 52015, 2, 9, 0),
(1449, 52015, 2, 10, 0),
(1450, 52015, 2, 11, 0),
(1451, 52015, 2, 12, 0),
(1452, 52015, 2, 13, 0),
(1453, 52015, 2, 14, 0),
(1454, 52015, 2, 15, 0),
(1455, 52015, 2, 16, 0),
(1456, 52015, 2, 17, 0),
(1457, 52015, 2, 18, 0),
(1458, 52015, 2, 19, 0),
(1459, 52015, 2, 20, 0),
(1460, 52015, 2, 21, 0),
(1461, 52015, 2, 22, 0),
(1462, 52015, 2, 23, 0),
(1463, 52015, 2, 24, 0),
(1464, 52015, 2, 25, 0),
(1465, 52016, 2, 2, 0),
(1466, 52016, 2, 3, 0),
(1467, 52016, 2, 4, 0),
(1468, 52016, 2, 5, 0),
(1469, 52016, 2, 6, 0),
(1470, 52016, 2, 7, 0),
(1471, 52016, 2, 8, 0),
(1472, 52016, 2, 9, 0),
(1473, 52016, 2, 10, 0),
(1474, 52016, 2, 11, 0),
(1475, 52016, 2, 12, 0),
(1476, 52016, 2, 13, 0),
(1477, 52016, 2, 14, 0),
(1478, 52016, 2, 15, 0),
(1479, 52016, 2, 16, 0),
(1480, 52016, 2, 17, 0),
(1481, 52016, 2, 18, 0),
(1482, 52016, 2, 19, 0),
(1483, 52016, 2, 20, 0),
(1484, 52016, 2, 21, 0),
(1485, 52016, 2, 22, 0),
(1486, 52016, 2, 23, 0),
(1487, 52016, 2, 24, 0),
(1488, 52016, 2, 25, 0),
(1489, 52017, 2, 2, 0),
(1490, 52017, 2, 3, 0),
(1491, 52017, 2, 4, 0),
(1492, 52017, 2, 5, 0),
(1493, 52017, 2, 6, 0),
(1494, 52017, 2, 7, 0),
(1495, 52017, 2, 8, 0),
(1496, 52017, 2, 9, 0),
(1497, 52017, 2, 10, 0),
(1498, 52017, 2, 11, 0),
(1499, 52017, 2, 12, 0),
(1500, 52017, 2, 13, 0),
(1501, 52017, 2, 14, 0),
(1502, 52017, 2, 15, 0),
(1503, 52017, 2, 16, 0),
(1504, 52017, 2, 17, 0),
(1505, 52017, 2, 18, 0),
(1506, 52017, 2, 19, 0),
(1507, 52017, 2, 20, 0),
(1508, 52017, 2, 21, 0),
(1509, 52017, 2, 22, 0),
(1510, 52017, 2, 23, 0),
(1511, 52017, 2, 24, 0),
(1512, 52017, 2, 25, 0),
(1513, 62012, 2, 2, 0),
(1514, 62012, 2, 3, 0),
(1515, 62012, 2, 4, 0),
(1516, 62012, 2, 5, 0),
(1517, 62012, 2, 6, 0),
(1518, 62012, 2, 7, 0),
(1519, 62012, 2, 8, 0),
(1520, 62012, 2, 9, 0),
(1521, 62012, 2, 10, 0),
(1522, 62012, 2, 11, 0),
(1523, 62012, 2, 12, 0),
(1524, 62012, 2, 13, 0),
(1525, 62012, 2, 14, 0),
(1526, 62012, 2, 15, 0),
(1527, 62012, 2, 16, 0),
(1528, 62012, 2, 17, 0),
(1529, 62012, 2, 18, 0),
(1530, 62012, 2, 19, 0),
(1531, 62012, 2, 20, 0),
(1532, 62012, 2, 21, 0),
(1533, 62012, 2, 22, 0),
(1534, 62012, 2, 23, 0),
(1535, 62012, 2, 24, 0),
(1536, 62012, 2, 25, 0),
(1537, 62013, 2, 2, 0),
(1538, 62013, 2, 3, 0),
(1539, 62013, 2, 4, 0),
(1540, 62013, 2, 5, 0),
(1541, 62013, 2, 6, 0),
(1542, 62013, 2, 7, 0),
(1543, 62013, 2, 8, 0),
(1544, 62013, 2, 9, 0),
(1545, 62013, 2, 10, 0),
(1546, 62013, 2, 11, 0),
(1547, 62013, 2, 12, 0),
(1548, 62013, 2, 13, 0),
(1549, 62013, 2, 14, 0),
(1550, 62013, 2, 15, 0),
(1551, 62013, 2, 16, 0),
(1552, 62013, 2, 17, 0),
(1553, 62013, 2, 18, 0),
(1554, 62013, 2, 19, 0),
(1555, 62013, 2, 20, 0),
(1556, 62013, 2, 21, 0),
(1557, 62013, 2, 22, 0),
(1558, 62013, 2, 23, 0),
(1559, 62013, 2, 24, 0),
(1560, 62013, 2, 25, 0),
(1561, 62014, 2, 2, 0),
(1562, 62014, 2, 3, 0),
(1563, 62014, 2, 4, 0),
(1564, 62014, 2, 5, 0),
(1565, 62014, 2, 6, 0),
(1566, 62014, 2, 7, 0),
(1567, 62014, 2, 8, 0),
(1568, 62014, 2, 9, 0),
(1569, 62014, 2, 10, 0),
(1570, 62014, 2, 11, 0),
(1571, 62014, 2, 12, 0),
(1572, 62014, 2, 13, 0),
(1573, 62014, 2, 14, 0),
(1574, 62014, 2, 15, 0),
(1575, 62014, 2, 16, 0),
(1576, 62014, 2, 17, 0),
(1577, 62014, 2, 18, 0),
(1578, 62014, 2, 19, 0),
(1579, 62014, 2, 20, 0),
(1580, 62014, 2, 21, 0),
(1581, 62014, 2, 22, 0),
(1582, 62014, 2, 23, 0),
(1583, 62014, 2, 24, 0),
(1584, 62014, 2, 25, 0),
(1585, 62015, 2, 2, 0),
(1586, 62015, 2, 3, 0),
(1587, 62015, 2, 4, 0),
(1588, 62015, 2, 5, 0),
(1589, 62015, 2, 6, 0),
(1590, 62015, 2, 7, 0),
(1591, 62015, 2, 8, 0),
(1592, 62015, 2, 9, 0),
(1593, 62015, 2, 10, 0),
(1594, 62015, 2, 11, 0),
(1595, 62015, 2, 12, 0),
(1596, 62015, 2, 13, 0),
(1597, 62015, 2, 14, 0),
(1598, 62015, 2, 15, 0),
(1599, 62015, 2, 16, 0),
(1600, 62015, 2, 17, 0),
(1601, 62015, 2, 18, 0),
(1602, 62015, 2, 19, 0),
(1603, 62015, 2, 20, 0),
(1604, 62015, 2, 21, 0),
(1605, 62015, 2, 22, 0),
(1606, 62015, 2, 23, 0),
(1607, 62015, 2, 24, 0),
(1608, 62015, 2, 25, 0),
(1609, 62016, 2, 2, 0),
(1610, 62016, 2, 3, 0),
(1611, 62016, 2, 4, 0),
(1612, 62016, 2, 5, 0),
(1613, 62016, 2, 6, 0),
(1614, 62016, 2, 7, 0),
(1615, 62016, 2, 8, 0),
(1616, 62016, 2, 9, 0),
(1617, 62016, 2, 10, 0),
(1618, 62016, 2, 11, 0),
(1619, 62016, 2, 12, 0),
(1620, 62016, 2, 13, 0),
(1621, 62016, 2, 14, 0),
(1622, 62016, 2, 15, 0),
(1623, 62016, 2, 16, 0),
(1624, 62016, 2, 17, 0),
(1625, 62016, 2, 18, 0),
(1626, 62016, 2, 19, 0),
(1627, 62016, 2, 20, 0),
(1628, 62016, 2, 21, 0),
(1629, 62016, 2, 22, 0),
(1630, 62016, 2, 23, 0),
(1631, 62016, 2, 24, 0),
(1632, 62016, 2, 25, 0),
(1633, 62017, 2, 2, 0),
(1634, 62017, 2, 3, 0),
(1635, 62017, 2, 4, 0),
(1636, 62017, 2, 5, 0),
(1637, 62017, 2, 6, 0),
(1638, 62017, 2, 7, 0),
(1639, 62017, 2, 8, 0),
(1640, 62017, 2, 9, 0),
(1641, 62017, 2, 10, 0),
(1642, 62017, 2, 11, 0),
(1643, 62017, 2, 12, 0),
(1644, 62017, 2, 13, 0),
(1645, 62017, 2, 14, 0),
(1646, 62017, 2, 15, 0),
(1647, 62017, 2, 16, 0),
(1648, 62017, 2, 17, 0),
(1649, 62017, 2, 18, 0),
(1650, 62017, 2, 19, 0),
(1651, 62017, 2, 20, 0),
(1652, 62017, 2, 21, 0),
(1653, 62017, 2, 22, 0),
(1654, 62017, 2, 23, 0),
(1655, 62017, 2, 24, 0),
(1656, 62017, 2, 25, 0),
(1657, 72012, 2, 2, 0),
(1658, 72012, 2, 3, 0),
(1659, 72012, 2, 4, 0),
(1660, 72012, 2, 5, 0),
(1661, 72012, 2, 6, 0),
(1662, 72012, 2, 7, 0),
(1663, 72012, 2, 8, 0),
(1664, 72012, 2, 9, 0),
(1665, 72012, 2, 10, 0),
(1666, 72012, 2, 11, 0),
(1667, 72012, 2, 12, 0),
(1668, 72012, 2, 13, 0),
(1669, 72012, 2, 14, 0),
(1670, 72012, 2, 15, 0),
(1671, 72012, 2, 16, 0),
(1672, 72012, 2, 17, 0),
(1673, 72012, 2, 18, 0),
(1674, 72012, 2, 19, 0),
(1675, 72012, 2, 20, 0),
(1676, 72012, 2, 21, 0),
(1677, 72012, 2, 22, 0),
(1678, 72012, 2, 23, 0),
(1679, 72012, 2, 24, 0),
(1680, 72012, 2, 25, 0),
(1681, 72013, 2, 2, 0),
(1682, 72013, 2, 3, 0),
(1683, 72013, 2, 4, 0),
(1684, 72013, 2, 5, 0),
(1685, 72013, 2, 6, 0),
(1686, 72013, 2, 7, 0),
(1687, 72013, 2, 8, 0),
(1688, 72013, 2, 9, 0),
(1689, 72013, 2, 10, 0),
(1690, 72013, 2, 11, 0),
(1691, 72013, 2, 12, 0),
(1692, 72013, 2, 13, 0),
(1693, 72013, 2, 14, 0),
(1694, 72013, 2, 15, 0),
(1695, 72013, 2, 16, 0),
(1696, 72013, 2, 17, 0),
(1697, 72013, 2, 18, 0),
(1698, 72013, 2, 19, 0),
(1699, 72013, 2, 20, 0),
(1700, 72013, 2, 21, 0),
(1701, 72013, 2, 22, 0),
(1702, 72013, 2, 23, 0),
(1703, 72013, 2, 24, 0),
(1704, 72013, 2, 25, 0),
(1705, 72014, 2, 2, 0),
(1706, 72014, 2, 3, 0),
(1707, 72014, 2, 4, 0),
(1708, 72014, 2, 5, 0),
(1709, 72014, 2, 6, 0),
(1710, 72014, 2, 7, 0),
(1711, 72014, 2, 8, 0),
(1712, 72014, 2, 9, 0),
(1713, 72014, 2, 10, 0),
(1714, 72014, 2, 11, 0),
(1715, 72014, 2, 12, 0),
(1716, 72014, 2, 13, 0),
(1717, 72014, 2, 14, 0),
(1718, 72014, 2, 15, 0),
(1719, 72014, 2, 16, 0),
(1720, 72014, 2, 17, 0),
(1721, 72014, 2, 18, 0),
(1722, 72014, 2, 19, 0),
(1723, 72014, 2, 20, 0),
(1724, 72014, 2, 21, 0),
(1725, 72014, 2, 22, 0),
(1726, 72014, 2, 23, 0),
(1727, 72014, 2, 24, 0),
(1728, 72014, 2, 25, 0),
(1729, 72015, 2, 2, 0),
(1730, 72015, 2, 3, 0),
(1731, 72015, 2, 4, 0),
(1732, 72015, 2, 5, 0),
(1733, 72015, 2, 6, 0),
(1734, 72015, 2, 7, 0),
(1735, 72015, 2, 8, 0),
(1736, 72015, 2, 9, 0),
(1737, 72015, 2, 10, 0),
(1738, 72015, 2, 11, 0),
(1739, 72015, 2, 12, 0),
(1740, 72015, 2, 13, 0),
(1741, 72015, 2, 14, 0),
(1742, 72015, 2, 15, 0),
(1743, 72015, 2, 16, 0),
(1744, 72015, 2, 17, 0),
(1745, 72015, 2, 18, 0),
(1746, 72015, 2, 19, 0),
(1747, 72015, 2, 20, 0),
(1748, 72015, 2, 21, 0),
(1749, 72015, 2, 22, 0),
(1750, 72015, 2, 23, 0),
(1751, 72015, 2, 24, 0),
(1752, 72015, 2, 25, 0),
(1753, 72016, 2, 2, 0),
(1754, 72016, 2, 3, 0),
(1755, 72016, 2, 4, 0),
(1756, 72016, 2, 5, 0),
(1757, 72016, 2, 6, 0),
(1758, 72016, 2, 7, 0),
(1759, 72016, 2, 8, 0),
(1760, 72016, 2, 9, 0),
(1761, 72016, 2, 10, 0),
(1762, 72016, 2, 11, 0),
(1763, 72016, 2, 12, 0),
(1764, 72016, 2, 13, 0),
(1765, 72016, 2, 14, 0),
(1766, 72016, 2, 15, 0),
(1767, 72016, 2, 16, 0),
(1768, 72016, 2, 17, 0),
(1769, 72016, 2, 18, 0),
(1770, 72016, 2, 19, 0),
(1771, 72016, 2, 20, 0),
(1772, 72016, 2, 21, 0),
(1773, 72016, 2, 22, 0),
(1774, 72016, 2, 23, 0),
(1775, 72016, 2, 24, 0),
(1776, 72016, 2, 25, 0),
(1777, 72017, 2, 2, 0),
(1778, 72017, 2, 3, 0),
(1779, 72017, 2, 4, 0),
(1780, 72017, 2, 5, 0),
(1781, 72017, 2, 6, 0),
(1782, 72017, 2, 7, 0),
(1783, 72017, 2, 8, 0),
(1784, 72017, 2, 9, 0),
(1785, 72017, 2, 10, 0),
(1786, 72017, 2, 11, 0),
(1787, 72017, 2, 12, 0),
(1788, 72017, 2, 13, 0),
(1789, 72017, 2, 14, 0),
(1790, 72017, 2, 15, 0),
(1791, 72017, 2, 16, 0),
(1792, 72017, 2, 17, 0),
(1793, 72017, 2, 18, 0),
(1794, 72017, 2, 19, 0),
(1795, 72017, 2, 20, 0),
(1796, 72017, 2, 21, 0),
(1797, 72017, 2, 22, 0),
(1798, 72017, 2, 23, 0),
(1799, 72017, 2, 24, 0),
(1800, 72017, 2, 25, 0),
(1801, 82012, 2, 2, 0),
(1802, 82012, 2, 3, 0),
(1803, 82012, 2, 4, 0),
(1804, 82012, 2, 5, 0),
(1805, 82012, 2, 6, 0),
(1806, 82012, 2, 7, 0),
(1807, 82012, 2, 8, 0),
(1808, 82012, 2, 9, 0),
(1809, 82012, 2, 10, 0),
(1810, 82012, 2, 11, 0),
(1811, 82012, 2, 12, 0),
(1812, 82012, 2, 13, 0),
(1813, 82012, 2, 14, 0),
(1814, 82012, 2, 15, 0),
(1815, 82012, 2, 16, 0),
(1816, 82012, 2, 17, 0),
(1817, 82012, 2, 18, 0),
(1818, 82012, 2, 19, 0),
(1819, 82012, 2, 20, 0),
(1820, 82012, 2, 21, 0),
(1821, 82012, 2, 22, 0),
(1822, 82012, 2, 23, 0),
(1823, 82012, 2, 24, 0),
(1824, 82012, 2, 25, 0),
(1825, 82013, 2, 2, 0),
(1826, 82013, 2, 3, 0),
(1827, 82013, 2, 4, 0),
(1828, 82013, 2, 5, 0),
(1829, 82013, 2, 6, 0),
(1830, 82013, 2, 7, 0),
(1831, 82013, 2, 8, 0),
(1832, 82013, 2, 9, 0),
(1833, 82013, 2, 10, 0),
(1834, 82013, 2, 11, 0),
(1835, 82013, 2, 12, 0),
(1836, 82013, 2, 13, 0),
(1837, 82013, 2, 14, 0),
(1838, 82013, 2, 15, 0),
(1839, 82013, 2, 16, 0),
(1840, 82013, 2, 17, 0),
(1841, 82013, 2, 18, 0),
(1842, 82013, 2, 19, 0),
(1843, 82013, 2, 20, 0),
(1844, 82013, 2, 21, 0),
(1845, 82013, 2, 22, 0),
(1846, 82013, 2, 23, 0),
(1847, 82013, 2, 24, 0),
(1848, 82013, 2, 25, 0),
(1849, 82014, 2, 2, 0),
(1850, 82014, 2, 3, 0),
(1851, 82014, 2, 4, 0),
(1852, 82014, 2, 5, 0),
(1853, 82014, 2, 6, 0),
(1854, 82014, 2, 7, 0),
(1855, 82014, 2, 8, 0),
(1856, 82014, 2, 9, 0),
(1857, 82014, 2, 10, 0),
(1858, 82014, 2, 11, 0),
(1859, 82014, 2, 12, 0),
(1860, 82014, 2, 13, 0),
(1861, 82014, 2, 14, 0),
(1862, 82014, 2, 15, 0),
(1863, 82014, 2, 16, 0),
(1864, 82014, 2, 17, 0),
(1865, 82014, 2, 18, 0),
(1866, 82014, 2, 19, 0),
(1867, 82014, 2, 20, 0),
(1868, 82014, 2, 21, 0),
(1869, 82014, 2, 22, 0),
(1870, 82014, 2, 23, 0),
(1871, 82014, 2, 24, 0),
(1872, 82014, 2, 25, 0),
(1873, 82015, 2, 2, 0),
(1874, 82015, 2, 3, 0),
(1875, 82015, 2, 4, 0),
(1876, 82015, 2, 5, 0),
(1877, 82015, 2, 6, 0),
(1878, 82015, 2, 7, 0),
(1879, 82015, 2, 8, 0),
(1880, 82015, 2, 9, 0),
(1881, 82015, 2, 10, 0),
(1882, 82015, 2, 11, 0),
(1883, 82015, 2, 12, 0),
(1884, 82015, 2, 13, 0),
(1885, 82015, 2, 14, 0),
(1886, 82015, 2, 15, 0),
(1887, 82015, 2, 16, 0),
(1888, 82015, 2, 17, 0),
(1889, 82015, 2, 18, 0),
(1890, 82015, 2, 19, 0),
(1891, 82015, 2, 20, 0),
(1892, 82015, 2, 21, 0),
(1893, 82015, 2, 22, 0),
(1894, 82015, 2, 23, 0),
(1895, 82015, 2, 24, 0),
(1896, 82015, 2, 25, 0),
(1897, 82016, 2, 2, 0),
(1898, 82016, 2, 3, 0),
(1899, 82016, 2, 4, 0),
(1900, 82016, 2, 5, 0),
(1901, 82016, 2, 6, 0),
(1902, 82016, 2, 7, 0),
(1903, 82016, 2, 8, 0),
(1904, 82016, 2, 9, 0),
(1905, 82016, 2, 10, 0),
(1906, 82016, 2, 11, 0),
(1907, 82016, 2, 12, 0),
(1908, 82016, 2, 13, 0),
(1909, 82016, 2, 14, 0),
(1910, 82016, 2, 15, 0),
(1911, 82016, 2, 16, 0),
(1912, 82016, 2, 17, 0),
(1913, 82016, 2, 18, 0),
(1914, 82016, 2, 19, 0),
(1915, 82016, 2, 20, 0),
(1916, 82016, 2, 21, 0),
(1917, 82016, 2, 22, 0),
(1918, 82016, 2, 23, 0),
(1919, 82016, 2, 24, 0),
(1920, 82016, 2, 25, 0),
(1921, 82017, 2, 2, 0),
(1922, 82017, 2, 3, 0),
(1923, 82017, 2, 4, 0),
(1924, 82017, 2, 5, 0),
(1925, 82017, 2, 6, 0),
(1926, 82017, 2, 7, 0),
(1927, 82017, 2, 8, 0),
(1928, 82017, 2, 9, 0),
(1929, 82017, 2, 10, 0),
(1930, 82017, 2, 11, 0),
(1931, 82017, 2, 12, 0),
(1932, 82017, 2, 13, 0),
(1933, 82017, 2, 14, 0),
(1934, 82017, 2, 15, 0),
(1935, 82017, 2, 16, 0),
(1936, 82017, 2, 17, 0),
(1937, 82017, 2, 18, 0),
(1938, 82017, 2, 19, 0),
(1939, 82017, 2, 20, 0),
(1940, 82017, 2, 21, 0),
(1941, 82017, 2, 22, 0),
(1942, 82017, 2, 23, 0),
(1943, 82017, 2, 24, 0),
(1944, 82017, 2, 25, 0),
(1945, 92012, 2, 2, 0),
(1946, 92012, 2, 3, 0),
(1947, 92012, 2, 4, 0),
(1948, 92012, 2, 5, 0),
(1949, 92012, 2, 6, 0),
(1950, 92012, 2, 7, 0),
(1951, 92012, 2, 8, 0),
(1952, 92012, 2, 9, 0),
(1953, 92012, 2, 10, 0),
(1954, 92012, 2, 11, 0),
(1955, 92012, 2, 12, 0),
(1956, 92012, 2, 13, 0),
(1957, 92012, 2, 14, 0),
(1958, 92012, 2, 15, 0),
(1959, 92012, 2, 16, 0),
(1960, 92012, 2, 17, 0),
(1961, 92012, 2, 18, 0),
(1962, 92012, 2, 19, 0),
(1963, 92012, 2, 20, 0),
(1964, 92012, 2, 21, 0),
(1965, 92012, 2, 22, 0),
(1966, 92012, 2, 23, 0),
(1967, 92012, 2, 24, 0),
(1968, 92012, 2, 25, 0),
(1969, 92013, 2, 2, 0),
(1970, 92013, 2, 3, 0),
(1971, 92013, 2, 4, 0),
(1972, 92013, 2, 5, 0),
(1973, 92013, 2, 6, 0),
(1974, 92013, 2, 7, 0),
(1975, 92013, 2, 8, 0),
(1976, 92013, 2, 9, 0),
(1977, 92013, 2, 10, 0),
(1978, 92013, 2, 11, 0),
(1979, 92013, 2, 12, 0),
(1980, 92013, 2, 13, 0),
(1981, 92013, 2, 14, 0),
(1982, 92013, 2, 15, 0),
(1983, 92013, 2, 16, 0),
(1984, 92013, 2, 17, 0),
(1985, 92013, 2, 18, 0),
(1986, 92013, 2, 19, 0),
(1987, 92013, 2, 20, 0),
(1988, 92013, 2, 21, 0),
(1989, 92013, 2, 22, 0),
(1990, 92013, 2, 23, 0),
(1991, 92013, 2, 24, 0),
(1992, 92013, 2, 25, 0),
(1993, 92014, 2, 2, 0),
(1994, 92014, 2, 3, 0),
(1995, 92014, 2, 4, 0),
(1996, 92014, 2, 5, 0),
(1997, 92014, 2, 6, 0),
(1998, 92014, 2, 7, 0),
(1999, 92014, 2, 8, 0),
(2000, 92014, 2, 9, 0),
(2001, 92014, 2, 10, 0),
(2002, 92014, 2, 11, 0),
(2003, 92014, 2, 12, 0),
(2004, 92014, 2, 13, 0),
(2005, 92014, 2, 14, 0),
(2006, 92014, 2, 15, 0),
(2007, 92014, 2, 16, 0),
(2008, 92014, 2, 17, 0),
(2009, 92014, 2, 18, 0),
(2010, 92014, 2, 19, 0),
(2011, 92014, 2, 20, 0),
(2012, 92014, 2, 21, 0),
(2013, 92014, 2, 22, 0),
(2014, 92014, 2, 23, 0),
(2015, 92014, 2, 24, 0),
(2016, 92014, 2, 25, 0),
(2017, 92015, 2, 2, 0),
(2018, 92015, 2, 3, 0),
(2019, 92015, 2, 4, 0),
(2020, 92015, 2, 5, 0),
(2021, 92015, 2, 6, 0),
(2022, 92015, 2, 7, 0),
(2023, 92015, 2, 8, 0),
(2024, 92015, 2, 9, 0),
(2025, 92015, 2, 10, 0),
(2026, 92015, 2, 11, 0),
(2027, 92015, 2, 12, 0),
(2028, 92015, 2, 13, 0),
(2029, 92015, 2, 14, 0),
(2030, 92015, 2, 15, 0),
(2031, 92015, 2, 16, 0),
(2032, 92015, 2, 17, 0),
(2033, 92015, 2, 18, 0),
(2034, 92015, 2, 19, 0),
(2035, 92015, 2, 20, 0),
(2036, 92015, 2, 21, 0),
(2037, 92015, 2, 22, 0),
(2038, 92015, 2, 23, 0),
(2039, 92015, 2, 24, 0),
(2040, 92015, 2, 25, 0),
(2041, 92016, 2, 2, 0),
(2042, 92016, 2, 3, 0),
(2043, 92016, 2, 4, 0),
(2044, 92016, 2, 5, 0),
(2045, 92016, 2, 6, 0),
(2046, 92016, 2, 7, 0),
(2047, 92016, 2, 8, 0),
(2048, 92016, 2, 9, 0),
(2049, 92016, 2, 10, 0),
(2050, 92016, 2, 11, 0),
(2051, 92016, 2, 12, 0),
(2052, 92016, 2, 13, 0),
(2053, 92016, 2, 14, 0),
(2054, 92016, 2, 15, 0),
(2055, 92016, 2, 16, 0),
(2056, 92016, 2, 17, 0),
(2057, 92016, 2, 18, 0),
(2058, 92016, 2, 19, 0),
(2059, 92016, 2, 20, 0),
(2060, 92016, 2, 21, 0),
(2061, 92016, 2, 22, 0),
(2062, 92016, 2, 23, 0),
(2063, 92016, 2, 24, 0),
(2064, 92016, 2, 25, 0),
(2065, 92017, 2, 2, 0),
(2066, 92017, 2, 3, 0),
(2067, 92017, 2, 4, 0),
(2068, 92017, 2, 5, 0),
(2069, 92017, 2, 6, 0),
(2070, 92017, 2, 7, 0),
(2071, 92017, 2, 8, 0),
(2072, 92017, 2, 9, 0),
(2073, 92017, 2, 10, 0),
(2074, 92017, 2, 11, 0),
(2075, 92017, 2, 12, 0),
(2076, 92017, 2, 13, 0),
(2077, 92017, 2, 14, 0),
(2078, 92017, 2, 15, 0),
(2079, 92017, 2, 16, 0),
(2080, 92017, 2, 17, 0),
(2081, 92017, 2, 18, 0),
(2082, 92017, 2, 19, 0),
(2083, 92017, 2, 20, 0),
(2084, 92017, 2, 21, 0),
(2085, 92017, 2, 22, 0),
(2086, 92017, 2, 23, 0),
(2087, 92017, 2, 24, 0),
(2088, 92017, 2, 25, 0),
(2089, 102012, 2, 2, 0),
(2090, 102012, 2, 3, 0),
(2091, 102012, 2, 4, 0),
(2092, 102012, 2, 5, 0),
(2093, 102012, 2, 6, 0),
(2094, 102012, 2, 7, 0),
(2095, 102012, 2, 8, 0),
(2096, 102012, 2, 9, 0),
(2097, 102012, 2, 10, 0),
(2098, 102012, 2, 11, 0),
(2099, 102012, 2, 12, 0),
(2100, 102012, 2, 13, 0),
(2101, 102012, 2, 14, 0),
(2102, 102012, 2, 15, 0),
(2103, 102012, 2, 16, 0),
(2104, 102012, 2, 17, 0),
(2105, 102012, 2, 18, 0),
(2106, 102012, 2, 19, 0),
(2107, 102012, 2, 20, 0),
(2108, 102012, 2, 21, 0),
(2109, 102012, 2, 22, 0),
(2110, 102012, 2, 23, 0),
(2111, 102012, 2, 24, 0),
(2112, 102012, 2, 25, 0),
(2113, 102013, 2, 2, 0),
(2114, 102013, 2, 3, 0),
(2115, 102013, 2, 4, 0),
(2116, 102013, 2, 5, 0),
(2117, 102013, 2, 6, 0),
(2118, 102013, 2, 7, 0),
(2119, 102013, 2, 8, 0),
(2120, 102013, 2, 9, 0),
(2121, 102013, 2, 10, 0),
(2122, 102013, 2, 11, 0),
(2123, 102013, 2, 12, 0),
(2124, 102013, 2, 13, 0),
(2125, 102013, 2, 14, 0),
(2126, 102013, 2, 15, 0),
(2127, 102013, 2, 16, 0),
(2128, 102013, 2, 17, 0),
(2129, 102013, 2, 18, 0),
(2130, 102013, 2, 19, 0),
(2131, 102013, 2, 20, 0),
(2132, 102013, 2, 21, 0),
(2133, 102013, 2, 22, 0),
(2134, 102013, 2, 23, 0),
(2135, 102013, 2, 24, 0),
(2136, 102013, 2, 25, 0),
(2137, 102014, 2, 2, 0),
(2138, 102014, 2, 3, 0),
(2139, 102014, 2, 4, 0),
(2140, 102014, 2, 5, 0),
(2141, 102014, 2, 6, 0),
(2142, 102014, 2, 7, 0),
(2143, 102014, 2, 8, 0),
(2144, 102014, 2, 9, 0),
(2145, 102014, 2, 10, 0),
(2146, 102014, 2, 11, 0),
(2147, 102014, 2, 12, 0),
(2148, 102014, 2, 13, 0),
(2149, 102014, 2, 14, 0),
(2150, 102014, 2, 15, 0),
(2151, 102014, 2, 16, 0),
(2152, 102014, 2, 17, 0),
(2153, 102014, 2, 18, 0),
(2154, 102014, 2, 19, 0),
(2155, 102014, 2, 20, 0),
(2156, 102014, 2, 21, 0),
(2157, 102014, 2, 22, 0),
(2158, 102014, 2, 23, 0),
(2159, 102014, 2, 24, 0),
(2160, 102014, 2, 25, 0),
(2161, 102015, 2, 2, 0),
(2162, 102015, 2, 3, 0),
(2163, 102015, 2, 4, 0),
(2164, 102015, 2, 5, 0),
(2165, 102015, 2, 6, 0),
(2166, 102015, 2, 7, 0),
(2167, 102015, 2, 8, 0),
(2168, 102015, 2, 9, 0),
(2169, 102015, 2, 10, 0),
(2170, 102015, 2, 11, 0),
(2171, 102015, 2, 12, 0),
(2172, 102015, 2, 13, 0),
(2173, 102015, 2, 14, 0),
(2174, 102015, 2, 15, 0),
(2175, 102015, 2, 16, 0),
(2176, 102015, 2, 17, 0),
(2177, 102015, 2, 18, 0),
(2178, 102015, 2, 19, 0),
(2179, 102015, 2, 20, 0),
(2180, 102015, 2, 21, 0),
(2181, 102015, 2, 22, 0),
(2182, 102015, 2, 23, 0),
(2183, 102015, 2, 24, 0),
(2184, 102015, 2, 25, 0),
(2185, 102016, 2, 2, 0),
(2186, 102016, 2, 3, 0),
(2187, 102016, 2, 4, 0),
(2188, 102016, 2, 5, 0),
(2189, 102016, 2, 6, 0),
(2190, 102016, 2, 7, 0),
(2191, 102016, 2, 8, 0),
(2192, 102016, 2, 9, 0),
(2193, 102016, 2, 10, 0),
(2194, 102016, 2, 11, 0),
(2195, 102016, 2, 12, 0),
(2196, 102016, 2, 13, 0),
(2197, 102016, 2, 14, 0),
(2198, 102016, 2, 15, 0),
(2199, 102016, 2, 16, 0),
(2200, 102016, 2, 17, 0),
(2201, 102016, 2, 18, 0),
(2202, 102016, 2, 19, 0),
(2203, 102016, 2, 20, 0),
(2204, 102016, 2, 21, 0),
(2205, 102016, 2, 22, 0),
(2206, 102016, 2, 23, 0),
(2207, 102016, 2, 24, 0),
(2208, 102016, 2, 25, 0),
(2209, 102017, 2, 2, 0),
(2210, 102017, 2, 3, 0),
(2211, 102017, 2, 4, 0),
(2212, 102017, 2, 5, 0),
(2213, 102017, 2, 6, 0),
(2214, 102017, 2, 7, 0),
(2215, 102017, 2, 8, 0),
(2216, 102017, 2, 9, 0),
(2217, 102017, 2, 10, 0),
(2218, 102017, 2, 11, 0),
(2219, 102017, 2, 12, 0);
INSERT INTO `detail_data_keuangan` (`id`, `id_data_keu`, `tipe_prioritas`, `id_pengeluaran`, `nominal`) VALUES
(2220, 102017, 2, 13, 0),
(2221, 102017, 2, 14, 0),
(2222, 102017, 2, 15, 0),
(2223, 102017, 2, 16, 0),
(2224, 102017, 2, 17, 0),
(2225, 102017, 2, 18, 0),
(2226, 102017, 2, 19, 0),
(2227, 102017, 2, 20, 0),
(2228, 102017, 2, 21, 0),
(2229, 102017, 2, 22, 0),
(2230, 102017, 2, 23, 0),
(2231, 102017, 2, 24, 0),
(2232, 102017, 2, 25, 0),
(2233, 112012, 2, 2, 0),
(2234, 112012, 2, 3, 0),
(2235, 112012, 2, 4, 0),
(2236, 112012, 2, 5, 0),
(2237, 112012, 2, 6, 0),
(2238, 112012, 2, 7, 0),
(2239, 112012, 2, 8, 0),
(2240, 112012, 2, 9, 0),
(2241, 112012, 2, 10, 0),
(2242, 112012, 2, 11, 0),
(2243, 112012, 2, 12, 0),
(2244, 112012, 2, 13, 0),
(2245, 112012, 2, 14, 0),
(2246, 112012, 2, 15, 0),
(2247, 112012, 2, 16, 0),
(2248, 112012, 2, 17, 0),
(2249, 112012, 2, 18, 0),
(2250, 112012, 2, 19, 0),
(2251, 112012, 2, 20, 0),
(2252, 112012, 2, 21, 0),
(2253, 112012, 2, 22, 0),
(2254, 112012, 2, 23, 0),
(2255, 112012, 2, 24, 0),
(2256, 112012, 2, 25, 0),
(2257, 112013, 2, 2, 0),
(2258, 112013, 2, 3, 0),
(2259, 112013, 2, 4, 0),
(2260, 112013, 2, 5, 0),
(2261, 112013, 2, 6, 0),
(2262, 112013, 2, 7, 0),
(2263, 112013, 2, 8, 0),
(2264, 112013, 2, 9, 0),
(2265, 112013, 2, 10, 0),
(2266, 112013, 2, 11, 0),
(2267, 112013, 2, 12, 0),
(2268, 112013, 2, 13, 0),
(2269, 112013, 2, 14, 0),
(2270, 112013, 2, 15, 0),
(2271, 112013, 2, 16, 0),
(2272, 112013, 2, 17, 0),
(2273, 112013, 2, 18, 0),
(2274, 112013, 2, 19, 0),
(2275, 112013, 2, 20, 0),
(2276, 112013, 2, 21, 0),
(2277, 112013, 2, 22, 0),
(2278, 112013, 2, 23, 0),
(2279, 112013, 2, 24, 0),
(2280, 112013, 2, 25, 0),
(2281, 112014, 2, 2, 0),
(2282, 112014, 2, 3, 0),
(2283, 112014, 2, 4, 0),
(2284, 112014, 2, 5, 0),
(2285, 112014, 2, 6, 0),
(2286, 112014, 2, 7, 0),
(2287, 112014, 2, 8, 0),
(2288, 112014, 2, 9, 0),
(2289, 112014, 2, 10, 0),
(2290, 112014, 2, 11, 0),
(2291, 112014, 2, 12, 0),
(2292, 112014, 2, 13, 0),
(2293, 112014, 2, 14, 0),
(2294, 112014, 2, 15, 0),
(2295, 112014, 2, 16, 0),
(2296, 112014, 2, 17, 0),
(2297, 112014, 2, 18, 0),
(2298, 112014, 2, 19, 0),
(2299, 112014, 2, 20, 0),
(2300, 112014, 2, 21, 0),
(2301, 112014, 2, 22, 0),
(2302, 112014, 2, 23, 0),
(2303, 112014, 2, 24, 0),
(2304, 112014, 2, 25, 0),
(2305, 112015, 2, 2, 0),
(2306, 112015, 2, 3, 0),
(2307, 112015, 2, 4, 0),
(2308, 112015, 2, 5, 0),
(2309, 112015, 2, 6, 0),
(2310, 112015, 2, 7, 0),
(2311, 112015, 2, 8, 0),
(2312, 112015, 2, 9, 0),
(2313, 112015, 2, 10, 0),
(2314, 112015, 2, 11, 0),
(2315, 112015, 2, 12, 0),
(2316, 112015, 2, 13, 0),
(2317, 112015, 2, 14, 0),
(2318, 112015, 2, 15, 0),
(2319, 112015, 2, 16, 0),
(2320, 112015, 2, 17, 0),
(2321, 112015, 2, 18, 0),
(2322, 112015, 2, 19, 0),
(2323, 112015, 2, 20, 0),
(2324, 112015, 2, 21, 0),
(2325, 112015, 2, 22, 0),
(2326, 112015, 2, 23, 0),
(2327, 112015, 2, 24, 0),
(2328, 112015, 2, 25, 0),
(2329, 112016, 2, 2, 0),
(2330, 112016, 2, 3, 0),
(2331, 112016, 2, 4, 0),
(2332, 112016, 2, 5, 0),
(2333, 112016, 2, 6, 0),
(2334, 112016, 2, 7, 0),
(2335, 112016, 2, 8, 0),
(2336, 112016, 2, 9, 0),
(2337, 112016, 2, 10, 0),
(2338, 112016, 2, 11, 0),
(2339, 112016, 2, 12, 0),
(2340, 112016, 2, 13, 0),
(2341, 112016, 2, 14, 0),
(2342, 112016, 2, 15, 0),
(2343, 112016, 2, 16, 0),
(2344, 112016, 2, 17, 0),
(2345, 112016, 2, 18, 0),
(2346, 112016, 2, 19, 0),
(2347, 112016, 2, 20, 0),
(2348, 112016, 2, 21, 0),
(2349, 112016, 2, 22, 0),
(2350, 112016, 2, 23, 0),
(2351, 112016, 2, 24, 0),
(2352, 112016, 2, 25, 0),
(2353, 112017, 2, 2, 0),
(2354, 112017, 2, 3, 0),
(2355, 112017, 2, 4, 0),
(2356, 112017, 2, 5, 0),
(2357, 112017, 2, 6, 0),
(2358, 112017, 2, 7, 0),
(2359, 112017, 2, 8, 0),
(2360, 112017, 2, 9, 0),
(2361, 112017, 2, 10, 0),
(2362, 112017, 2, 11, 0),
(2363, 112017, 2, 12, 0),
(2364, 112017, 2, 13, 0),
(2365, 112017, 2, 14, 0),
(2366, 112017, 2, 15, 0),
(2367, 112017, 2, 16, 0),
(2368, 112017, 2, 17, 0),
(2369, 112017, 2, 18, 0),
(2370, 112017, 2, 19, 0),
(2371, 112017, 2, 20, 0),
(2372, 112017, 2, 21, 0),
(2373, 112017, 2, 22, 0),
(2374, 112017, 2, 23, 0),
(2375, 112017, 2, 24, 0),
(2376, 112017, 2, 25, 0),
(2377, 122012, 2, 2, 0),
(2378, 122012, 2, 3, 0),
(2379, 122012, 2, 4, 0),
(2380, 122012, 2, 5, 0),
(2381, 122012, 2, 6, 0),
(2382, 122012, 2, 7, 0),
(2383, 122012, 2, 8, 0),
(2384, 122012, 2, 9, 0),
(2385, 122012, 2, 10, 0),
(2386, 122012, 2, 11, 0),
(2387, 122012, 2, 12, 0),
(2388, 122012, 2, 13, 0),
(2389, 122012, 2, 14, 0),
(2390, 122012, 2, 15, 0),
(2391, 122012, 2, 16, 0),
(2392, 122012, 2, 17, 0),
(2393, 122012, 2, 18, 0),
(2394, 122012, 2, 19, 0),
(2395, 122012, 2, 20, 0),
(2396, 122012, 2, 21, 0),
(2397, 122012, 2, 22, 0),
(2398, 122012, 2, 23, 0),
(2399, 122012, 2, 24, 0),
(2400, 122012, 2, 25, 0),
(2401, 122013, 2, 2, 0),
(2402, 122013, 2, 3, 0),
(2403, 122013, 2, 4, 0),
(2404, 122013, 2, 5, 0),
(2405, 122013, 2, 6, 0),
(2406, 122013, 2, 7, 0),
(2407, 122013, 2, 8, 0),
(2408, 122013, 2, 9, 0),
(2409, 122013, 2, 10, 0),
(2410, 122013, 2, 11, 0),
(2411, 122013, 2, 12, 0),
(2412, 122013, 2, 13, 0),
(2413, 122013, 2, 14, 0),
(2414, 122013, 2, 15, 0),
(2415, 122013, 2, 16, 0),
(2416, 122013, 2, 17, 0),
(2417, 122013, 2, 18, 0),
(2418, 122013, 2, 19, 0),
(2419, 122013, 2, 20, 0),
(2420, 122013, 2, 21, 0),
(2421, 122013, 2, 22, 0),
(2422, 122013, 2, 23, 0),
(2423, 122013, 2, 24, 0),
(2424, 122013, 2, 25, 0),
(2425, 122014, 2, 2, 0),
(2426, 122014, 2, 3, 0),
(2427, 122014, 2, 4, 0),
(2428, 122014, 2, 5, 0),
(2429, 122014, 2, 6, 0),
(2430, 122014, 2, 7, 0),
(2431, 122014, 2, 8, 0),
(2432, 122014, 2, 9, 0),
(2433, 122014, 2, 10, 0),
(2434, 122014, 2, 11, 0),
(2435, 122014, 2, 12, 0),
(2436, 122014, 2, 13, 0),
(2437, 122014, 2, 14, 0),
(2438, 122014, 2, 15, 0),
(2439, 122014, 2, 16, 0),
(2440, 122014, 2, 17, 0),
(2441, 122014, 2, 18, 0),
(2442, 122014, 2, 19, 0),
(2443, 122014, 2, 20, 0),
(2444, 122014, 2, 21, 0),
(2445, 122014, 2, 22, 0),
(2446, 122014, 2, 23, 0),
(2447, 122014, 2, 24, 0),
(2448, 122014, 2, 25, 0),
(2449, 122015, 2, 2, 0),
(2450, 122015, 2, 3, 0),
(2451, 122015, 2, 4, 0),
(2452, 122015, 2, 5, 0),
(2453, 122015, 2, 6, 0),
(2454, 122015, 2, 7, 0),
(2455, 122015, 2, 8, 0),
(2456, 122015, 2, 9, 0),
(2457, 122015, 2, 10, 0),
(2458, 122015, 2, 11, 0),
(2459, 122015, 2, 12, 0),
(2460, 122015, 2, 13, 0),
(2461, 122015, 2, 14, 0),
(2462, 122015, 2, 15, 0),
(2463, 122015, 2, 16, 0),
(2464, 122015, 2, 17, 0),
(2465, 122015, 2, 18, 0),
(2466, 122015, 2, 19, 0),
(2467, 122015, 2, 20, 0),
(2468, 122015, 2, 21, 0),
(2469, 122015, 2, 22, 0),
(2470, 122015, 2, 23, 0),
(2471, 122015, 2, 24, 0),
(2472, 122015, 2, 25, 0),
(2473, 122016, 2, 2, 0),
(2474, 122016, 2, 3, 0),
(2475, 122016, 2, 4, 0),
(2476, 122016, 2, 5, 0),
(2477, 122016, 2, 6, 0),
(2478, 122016, 2, 7, 0),
(2479, 122016, 2, 8, 0),
(2480, 122016, 2, 9, 0),
(2481, 122016, 2, 10, 0),
(2482, 122016, 2, 11, 0),
(2483, 122016, 2, 12, 0),
(2484, 122016, 2, 13, 0),
(2485, 122016, 2, 14, 0),
(2486, 122016, 2, 15, 0),
(2487, 122016, 2, 16, 0),
(2488, 122016, 2, 17, 0),
(2489, 122016, 2, 18, 0),
(2490, 122016, 2, 19, 0),
(2491, 122016, 2, 20, 0),
(2492, 122016, 2, 21, 0),
(2493, 122016, 2, 22, 0),
(2494, 122016, 2, 23, 0),
(2495, 122016, 2, 24, 0),
(2496, 122016, 2, 25, 0),
(2497, 122017, 2, 2, 0),
(2498, 122017, 2, 3, 0),
(2499, 122017, 2, 4, 0),
(2500, 122017, 2, 5, 0),
(2501, 122017, 2, 6, 0),
(2502, 122017, 2, 7, 0),
(2503, 122017, 2, 8, 0),
(2504, 122017, 2, 9, 0),
(2505, 122017, 2, 10, 0),
(2506, 122017, 2, 11, 0),
(2507, 122017, 2, 12, 0),
(2508, 122017, 2, 13, 0),
(2509, 122017, 2, 14, 0),
(2510, 122017, 2, 15, 0),
(2511, 122017, 2, 16, 0),
(2512, 122017, 2, 17, 0),
(2513, 122017, 2, 18, 0),
(2514, 122017, 2, 19, 0),
(2515, 122017, 2, 20, 0),
(2516, 122017, 2, 21, 0),
(2517, 122017, 2, 22, 0),
(2518, 122017, 2, 23, 0),
(2519, 122017, 2, 24, 0),
(2520, 122017, 2, 25, 0),
(2521, 12012, 3, 26, 500000),
(2522, 12012, 3, 27, 0),
(2523, 12013, 3, 26, 0),
(2524, 12013, 3, 27, 0),
(2525, 12014, 3, 26, 0),
(2526, 12014, 3, 27, 0),
(2527, 12015, 3, 26, 0),
(2528, 12015, 3, 27, 0),
(2529, 12016, 3, 26, 0),
(2530, 12016, 3, 27, 0),
(2531, 12017, 3, 26, 0),
(2532, 12017, 3, 27, 0),
(2533, 22012, 3, 26, 0),
(2534, 22012, 3, 27, 0),
(2535, 22013, 3, 26, 0),
(2536, 22013, 3, 27, 0),
(2537, 22014, 3, 26, 0),
(2538, 22014, 3, 27, 0),
(2539, 22015, 3, 26, 0),
(2540, 22015, 3, 27, 0),
(2541, 22016, 3, 26, 0),
(2542, 22016, 3, 27, 0),
(2543, 22017, 3, 26, 0),
(2544, 22017, 3, 27, 0),
(2545, 32012, 3, 26, 0),
(2546, 32012, 3, 27, 0),
(2547, 32013, 3, 26, 0),
(2548, 32013, 3, 27, 0),
(2549, 32014, 3, 26, 0),
(2550, 32014, 3, 27, 0),
(2551, 32015, 3, 26, 0),
(2552, 32015, 3, 27, 0),
(2553, 32016, 3, 26, 0),
(2554, 32016, 3, 27, 0),
(2555, 32017, 3, 26, 0),
(2556, 32017, 3, 27, 0),
(2557, 42012, 3, 26, 0),
(2558, 42012, 3, 27, 0),
(2559, 42013, 3, 26, 0),
(2560, 42013, 3, 27, 0),
(2561, 42014, 3, 26, 0),
(2562, 42014, 3, 27, 0),
(2563, 42015, 3, 26, 0),
(2564, 42015, 3, 27, 0),
(2565, 42016, 3, 26, 0),
(2566, 42016, 3, 27, 0),
(2567, 42017, 3, 26, 0),
(2568, 42017, 3, 27, 0),
(2569, 52012, 3, 26, 0),
(2570, 52012, 3, 27, 0),
(2571, 52013, 3, 26, 0),
(2572, 52013, 3, 27, 0),
(2573, 52014, 3, 26, 0),
(2574, 52014, 3, 27, 0),
(2575, 52015, 3, 26, 0),
(2576, 52015, 3, 27, 0),
(2577, 52016, 3, 26, 0),
(2578, 52016, 3, 27, 0),
(2579, 52017, 3, 26, 0),
(2580, 52017, 3, 27, 0),
(2581, 62012, 3, 26, 0),
(2582, 62012, 3, 27, 0),
(2583, 62013, 3, 26, 0),
(2584, 62013, 3, 27, 0),
(2585, 62014, 3, 26, 0),
(2586, 62014, 3, 27, 0),
(2587, 62015, 3, 26, 0),
(2588, 62015, 3, 27, 0),
(2589, 62016, 3, 26, 0),
(2590, 62016, 3, 27, 0),
(2591, 62017, 3, 26, 0),
(2592, 62017, 3, 27, 0),
(2593, 72012, 3, 26, 0),
(2594, 72012, 3, 27, 0),
(2595, 72013, 3, 26, 0),
(2596, 72013, 3, 27, 0),
(2597, 72014, 3, 26, 0),
(2598, 72014, 3, 27, 0),
(2599, 72015, 3, 26, 0),
(2600, 72015, 3, 27, 0),
(2601, 72016, 3, 26, 0),
(2602, 72016, 3, 27, 0),
(2603, 72017, 3, 26, 0),
(2604, 72017, 3, 27, 0),
(2605, 82012, 3, 26, 0),
(2606, 82012, 3, 27, 0),
(2607, 82013, 3, 26, 0),
(2608, 82013, 3, 27, 0),
(2609, 82014, 3, 26, 0),
(2610, 82014, 3, 27, 0),
(2611, 82015, 3, 26, 0),
(2612, 82015, 3, 27, 0),
(2613, 82016, 3, 26, 0),
(2614, 82016, 3, 27, 0),
(2615, 82017, 3, 26, 0),
(2616, 82017, 3, 27, 0),
(2617, 92012, 3, 26, 0),
(2618, 92012, 3, 27, 0),
(2619, 92013, 3, 26, 0),
(2620, 92013, 3, 27, 0),
(2621, 92014, 3, 26, 0),
(2622, 92014, 3, 27, 0),
(2623, 92015, 3, 26, 0),
(2624, 92015, 3, 27, 0),
(2625, 92016, 3, 26, 0),
(2626, 92016, 3, 27, 0),
(2627, 92017, 3, 26, 0),
(2628, 92017, 3, 27, 0),
(2629, 102012, 3, 26, 0),
(2630, 102012, 3, 27, 0),
(2631, 102013, 3, 26, 0),
(2632, 102013, 3, 27, 0),
(2633, 102014, 3, 26, 0),
(2634, 102014, 3, 27, 0),
(2635, 102015, 3, 26, 0),
(2636, 102015, 3, 27, 0),
(2637, 102016, 3, 26, 0),
(2638, 102016, 3, 27, 0),
(2639, 102017, 3, 26, 0),
(2640, 102017, 3, 27, 0),
(2641, 112012, 3, 26, 0),
(2642, 112012, 3, 27, 0),
(2643, 112013, 3, 26, 0),
(2644, 112013, 3, 27, 0),
(2645, 112014, 3, 26, 0),
(2646, 112014, 3, 27, 0),
(2647, 112015, 3, 26, 0),
(2648, 112015, 3, 27, 0),
(2649, 112016, 3, 26, 0),
(2650, 112016, 3, 27, 0),
(2651, 112017, 3, 26, 0),
(2652, 112017, 3, 27, 0),
(2653, 122012, 3, 26, 0),
(2654, 122012, 3, 27, 0),
(2655, 122013, 3, 26, 0),
(2656, 122013, 3, 27, 0),
(2657, 122014, 3, 26, 0),
(2658, 122014, 3, 27, 0),
(2659, 122015, 3, 26, 0),
(2660, 122015, 3, 27, 0),
(2661, 122016, 3, 26, 0),
(2662, 122016, 3, 27, 0),
(2663, 122017, 3, 26, 0),
(2664, 122017, 3, 27, 0),
(2665, 12012, 4, 1, 1000000),
(2666, 12013, 4, 1, 0),
(2667, 12014, 4, 1, 0),
(2668, 12015, 4, 1, 0),
(2669, 12016, 4, 1, 0),
(2670, 12017, 4, 1, 0),
(2671, 22012, 4, 1, 0),
(2672, 22013, 4, 1, 0),
(2673, 22014, 4, 1, 0),
(2674, 22015, 4, 1, 0),
(2675, 22016, 4, 1, 0),
(2676, 22017, 4, 1, 0),
(2677, 32012, 4, 1, 0),
(2678, 32013, 4, 1, 0),
(2679, 32014, 4, 1, 0),
(2680, 32015, 4, 1, 0),
(2681, 32016, 4, 1, 0),
(2682, 32017, 4, 1, 0),
(2683, 42012, 4, 1, 0),
(2684, 42013, 4, 1, 0),
(2685, 42014, 4, 1, 0),
(2686, 42015, 4, 1, 0),
(2687, 42016, 4, 1, 0),
(2688, 42017, 4, 1, 0),
(2689, 52012, 4, 1, 0),
(2690, 52013, 4, 1, 0),
(2691, 52014, 4, 1, 0),
(2692, 52015, 4, 1, 0),
(2693, 52016, 4, 1, 0),
(2694, 52017, 4, 1, 0),
(2695, 62012, 4, 1, 0),
(2696, 62013, 4, 1, 0),
(2697, 62014, 4, 1, 0),
(2698, 62015, 4, 1, 0),
(2699, 62016, 4, 1, 0),
(2700, 62017, 4, 1, 0),
(2701, 72012, 4, 1, 0),
(2702, 72013, 4, 1, 0),
(2703, 72014, 4, 1, 0),
(2704, 72015, 4, 1, 0),
(2705, 72016, 4, 1, 0),
(2706, 72017, 4, 1, 0),
(2707, 82012, 4, 1, 0),
(2708, 82013, 4, 1, 0),
(2709, 82014, 4, 1, 0),
(2710, 82015, 4, 1, 0),
(2711, 82016, 4, 1, 0),
(2712, 82017, 4, 1, 0),
(2713, 92012, 4, 1, 0),
(2714, 92013, 4, 1, 0),
(2715, 92014, 4, 1, 0),
(2716, 92015, 4, 1, 0),
(2717, 92016, 4, 1, 0),
(2718, 92017, 4, 1, 0),
(2719, 102012, 4, 1, 0),
(2720, 102013, 4, 1, 0),
(2721, 102014, 4, 1, 0),
(2722, 102015, 4, 1, 0),
(2723, 102016, 4, 1, 0),
(2724, 102017, 4, 1, 0),
(2725, 112012, 4, 1, 0),
(2726, 112013, 4, 1, 0),
(2727, 112014, 4, 1, 0),
(2728, 112015, 4, 1, 0),
(2729, 112016, 4, 1, 0),
(2730, 112017, 4, 1, 0),
(2731, 122012, 4, 1, 0),
(2732, 122013, 4, 1, 0),
(2733, 122014, 4, 1, 0),
(2734, 122015, 4, 1, 0),
(2735, 122016, 4, 1, 0),
(2736, 122017, 4, 1, 0),
(2737, 12012, 5, 28, 250000),
(2738, 12013, 5, 28, 0),
(2739, 12014, 5, 28, 0),
(2740, 12015, 5, 28, 0),
(2741, 12016, 5, 28, 0),
(2742, 12017, 5, 28, 0),
(2743, 22012, 5, 28, 0),
(2744, 22013, 5, 28, 0),
(2745, 22014, 5, 28, 0),
(2746, 22015, 5, 28, 0),
(2747, 22016, 5, 28, 0),
(2748, 22017, 5, 28, 0),
(2749, 32012, 5, 28, 0),
(2750, 32013, 5, 28, 0),
(2751, 32014, 5, 28, 0),
(2752, 32015, 5, 28, 0),
(2753, 32016, 5, 28, 0),
(2754, 32017, 5, 28, 0),
(2755, 42012, 5, 28, 0),
(2756, 42013, 5, 28, 0),
(2757, 42014, 5, 28, 0),
(2758, 42015, 5, 28, 0),
(2759, 42016, 5, 28, 0),
(2760, 42017, 5, 28, 0),
(2761, 52012, 5, 28, 0),
(2762, 52013, 5, 28, 0),
(2763, 52014, 5, 28, 0),
(2764, 52015, 5, 28, 0),
(2765, 52016, 5, 28, 0),
(2766, 52017, 5, 28, 0),
(2767, 62012, 5, 28, 0),
(2768, 62013, 5, 28, 0),
(2769, 62014, 5, 28, 0),
(2770, 62015, 5, 28, 0),
(2771, 62016, 5, 28, 0),
(2772, 62017, 5, 28, 0),
(2773, 72012, 5, 28, 0),
(2774, 72013, 5, 28, 0),
(2775, 72014, 5, 28, 0),
(2776, 72015, 5, 28, 0),
(2777, 72016, 5, 28, 0),
(2778, 72017, 5, 28, 0),
(2779, 82012, 5, 28, 0),
(2780, 82013, 5, 28, 0),
(2781, 82014, 5, 28, 0),
(2782, 82015, 5, 28, 0),
(2783, 82016, 5, 28, 0),
(2784, 82017, 5, 28, 0),
(2785, 92012, 5, 28, 0),
(2786, 92013, 5, 28, 0),
(2787, 92014, 5, 28, 0),
(2788, 92015, 5, 28, 0),
(2789, 92016, 5, 28, 0),
(2790, 92017, 5, 28, 0),
(2791, 102012, 5, 28, 0),
(2792, 102013, 5, 28, 0),
(2793, 102014, 5, 28, 0),
(2794, 102015, 5, 28, 0),
(2795, 102016, 5, 28, 0),
(2796, 102017, 5, 28, 0),
(2797, 112012, 5, 28, 0),
(2798, 112013, 5, 28, 0),
(2799, 112014, 5, 28, 0),
(2800, 112015, 5, 28, 0),
(2801, 112016, 5, 28, 0),
(2802, 112017, 5, 28, 0),
(2803, 122012, 5, 28, 0),
(2804, 122013, 5, 28, 0),
(2805, 122014, 5, 28, 0),
(2806, 122015, 5, 28, 0),
(2807, 122016, 5, 28, 0),
(2808, 122017, 5, 28, 0);

-- --------------------------------------------------------

--
-- Struktur dari tabel `pengeluaran`
--

CREATE TABLE IF NOT EXISTS `pengeluaran` (
  `id` int(2) NOT NULL AUTO_INCREMENT,
  `nama` varchar(50) NOT NULL,
  PRIMARY KEY (`id`)
) ENGINE=InnoDB  DEFAULT CHARSET=latin1 AUTO_INCREMENT=40 ;

--
-- Dumping data untuk tabel `pengeluaran`
--

INSERT INTO `pengeluaran` (`id`, `nama`) VALUES
(1, 'Honorarium Guru dan Tenaga Kependidikan Honorer'),
(2, 'Alat Tulis Kantor'),
(3, 'Papan Data'),
(4, 'Printer'),
(5, 'Perangkat Komputer'),
(6, 'Buku Tulis, pensil, bahan praktikum'),
(7, 'Foto Kopi'),
(8, 'Langganan Listrik'),
(9, 'Langganan Telepon'),
(10, 'Tes Semester'),
(11, 'Pengawas'),
(12, 'Pembuat Soal'),
(13, 'Percetakan Dokumen'),
(14, 'Cetak Brosur dan Spanduk'),
(15, 'Ujian AKhir Sekolah'),
(16, 'Ulangan Umum Harian'),
(17, 'Pengadaan Bahan Teori /Praktek'),
(18, 'Kegiatan Osis'),
(19, 'Penyelenggaraan Lomba'),
(20, 'Kegiatan Pramuka'),
(21, 'Pembinaan Keagamaan'),
(22, 'Kegiatan Sanggar Belajar'),
(23, 'Buku Pelajaran Pokok'),
(24, 'Buku Penunjang'),
(25, 'Bantuan Untuk Siswa'),
(26, 'Biaya Perawatan ringan'),
(27, 'Biaya Pembuatan Taman'),
(28, 'Upah Tukang'),
(29, 'Belanja Pegawai'),
(30, 'Belanja Barang'),
(31, 'Belanja Pemeliharaan'),
(32, 'Biaya Lain-Lain'),
(33, 'ATK'),
(34, 'Bahan Habis Pakai'),
(35, ' Langganan Daya dan Jasa'),
(36, 'Kegiatan Belajar Mengajar'),
(37, 'Kegiatan Kesiswaan'),
(38, 'Penyelenggaraan Perpustakaan'),
(39, 'Subsidi');

-- --------------------------------------------------------

--
-- Struktur dari tabel `prioritas`
--

CREATE TABLE IF NOT EXISTS `prioritas` (
  `id` int(1) NOT NULL AUTO_INCREMENT,
  `nama_prioritas` varchar(21) NOT NULL,
  PRIMARY KEY (`id`)
) ENGINE=InnoDB  DEFAULT CHARSET=latin1 AUTO_INCREMENT=6 ;

--
-- Dumping data untuk tabel `prioritas`
--

INSERT INTO `prioritas` (`id`, `nama_prioritas`) VALUES
(1, 'Total Belanja'),
(2, 'Belanja Barang'),
(3, 'Belanja Pemeliharaan'),
(4, 'Belanja Pegawai'),
(5, 'Biaya Lain-Lain');

-- --------------------------------------------------------

--
-- Struktur dari tabel `tahun`
--

CREATE TABLE IF NOT EXISTS `tahun` (
  `id` int(1) NOT NULL AUTO_INCREMENT,
  `tahun` int(4) NOT NULL,
  PRIMARY KEY (`id`)
) ENGINE=InnoDB  DEFAULT CHARSET=latin1 AUTO_INCREMENT=7 ;

--
-- Dumping data untuk tabel `tahun`
--

INSERT INTO `tahun` (`id`, `tahun`) VALUES
(1, 2012),
(2, 2013),
(3, 2014),
(4, 2015),
(5, 2016),
(6, 2017);

-- --------------------------------------------------------

--
-- Struktur dari tabel `user`
--

CREATE TABLE IF NOT EXISTS `user` (
  `id` int(2) NOT NULL AUTO_INCREMENT,
  `username` varchar(12) NOT NULL,
  `nama` varchar(14) NOT NULL,
  `password` varchar(160) NOT NULL,
  `level` varchar(14) NOT NULL,
  PRIMARY KEY (`id`)
) ENGINE=InnoDB  DEFAULT CHARSET=latin1 AUTO_INCREMENT=8 ;

--
-- Dumping data untuk tabel `user`
--

INSERT INTO `user` (`id`, `username`, `nama`, `password`, `level`) VALUES
(1, 'user', 'Bendahara', '12dea96fec20593566ab75692c9949596833adc9', 'user'),
(2, 'admin', 'Kepala Sekolah', 'd033e22ae348aeb5660fc2140aec35850c4da997', 'administrator'),
(7, 'user2', 'Kepala Yayasan', '12dea96fec20593566ab75692c9949596833adc9', 'user2');

/*!40101 SET CHARACTER_SET_CLIENT=@OLD_CHARACTER_SET_CLIENT */;
/*!40101 SET CHARACTER_SET_RESULTS=@OLD_CHARACTER_SET_RESULTS */;
/*!40101 SET COLLATION_CONNECTION=@OLD_COLLATION_CONNECTION */;
